skill_match_ratio,availability_overlap,avg_proficiency,target_score
1.0,0,2.0,0.0
0.0,0,0,0.0
0.0,0,0,0.0
0.0,0,0,0.0
1.0,0.4285714293419312,2.0,0.1714285717367725
1.0,0,2.0,0.0
0.0,0,0,0.0
0.0,0,0,0.0
1.0,0,5.0,0.0
0.0,0,0,0.0
1.0,0,5.0,0.0
0.0,0,0,0.0
0.0,0,0,0.0
1.0,0,3.0,0.0
1.0,0,5.0,0.0
1.0,0,1.0,0.0
1.0,1.0,5.0,1.0
1.0,0,1.0,0.0
0.0,0,0,0.0
0.0,0,0,0.0
0.0,0,0,0.0
1.0,0,1.0,0.0
1.0,0,2.0,0.0
1.0,0,1.0,0.0
0.0,0,0,0.0
0.0,1.0,0,0.0
1.0,0,2.0,0.0
1.0,0,5.0,0.0
0.0,0,0,0.0
1.0,0,4.0,0.0
1.0,0,2.0,0.0
1.0,0,1.0,0.0
0.0,0,0,0.0
1.0,0,3.0,0.0
1.0,0,4.0,0.0
1.0,0,2.0,0.0
1.0,0,1.0,0.0
0.0,0,0,0.0
1.0,0,1.0,0.0
1.0,0,5.0,0.0
1.0,0,5.0,0.0
1.0,0,3.0,0.0
0.0,0,0,0.0
1.0,0,1.0,0.0
1.0,0,1.0,0.0
0.0,0,0,0.0
0.0,0,0,0.0
1.0,0,5.0,0.0
0.0,0,0,0.0
1.0,0.14285714286541004,5.0,0.14285714286541004
0.0,0.1111111067644033,0,0.0
0.0,0,0,0.0
0.0,0,0,0.0
1.0,0,2.0,0.0
1.0,0,4.0,0.0
0.0,0,0,0.0
1.0,0.9999999994110083,4.0,0.7999999995288066
0.0,0,0,0.0
0.0,0,0,0.0
0.0,0,0,0.0
0.0,0,0,0.0
0.0,0,0,0.0
0.0,0,0,0.0
1.0,0,5.0,0.0
0.0,0,0,0.0
1.0,0,3.0,0.0
1.0,0.33333333383101854,2.0,0.13333333353240742
0.0,0,0,0.0
0.0,0,0,0.0
0.0,0,0,0.0
0.0,0,0,0.0
0.0,0,0,0.0
0.0,0,0,0.0
1.0,0,2.0,0.0
0.0,0,0,0.0
0.0,4.2309670781893e-10,0,0.0
1.0,0,4.0,0.0
0.0,0,0,0.0
1.0,0,1.0,0.0
0.0,0,0,0.0
0.0,0,0,0.0
0.0,0,0,0.0
0.0,0,0,0.0
1.0,0,5.0,0.0
0.0,0,0,0.0
0.0,0,0,0.0
1.0,0,3.0,0.0
1.0,0,3.0,0.0
1.0,0,1.0,0.0
0.0,0,0,0.0
1.0,0,3.0,0.0
0.0,0,0,0.0
1.0,0,4.0,0.0
1.0,0,5.0,0.0
0.0,0,0,0.0
0.0,0.2222222222222222,0,0.0
1.0,0,3.0,0.0
1.0,0,3.0,0.0
0.0,0,0,0.0
0.0,0,0,0.0
0.5,0,2.0,0.0
0.5,0,2.0,0.0
0.5,0,1.0,0.0
0.5,0,4.0,0.0
0.5,0,2.0,0.0
0.5,0,2.0,0.0
0.0,0,0,0.0
0.0,0,0,0.0
1.0,0,4.0,0.0
0.0,0,0,0.0
0.5,0,5.0,0.0
0.0,0,0,0.0
0.0,0,0,0.0
1.0,0,2.5,0.0
1.0,0,3.5,0.0
1.0,0,3.0,0.0
1.0,0,5.0,0.0
0.5,0,1.0,0.0
0.0,0,0,0.0
0.0,0,0,0.0
0.0,0,0,0.0
1.0,0,2.5,0.0
1.0,0,1.5,0.0
1.0,0,2.5,0.0
0.0,0,0,0.0
0.0,0,0,0.0
0.5,0,2.0,0.0
1.0,0,4.5,0.0
0.5,0,1.0,0.0
1.0,0,3.5,0.0
1.0,0,2.5,0.0
0.5,0,1.0,0.0
0.0,0,0,0.0
0.5,0,3.0,0.0
1.0,0,4.5,0.0
0.5,0,2.0,0.0
1.0,0,2.5,0.0
0.5,0,2.0,0.0
0.5,0,1.0,0.0
0.5,0,5.0,0.0
0.5,0,5.0,0.0
0.5,0,3.0,0.0
0.0,0,0,0.0
1.0,0,2.5,0.0
0.5,0,1.0,0.0
0.5,0,2.0,0.0
0.0,0,0,0.0
0.5,0,5.0,0.0
0.0,0,0,0.0
1.0,0,4.0,0.0
1.0,0,3.0,0.0
1.0,0,4.0,0.0
1.0,0,4.0,0.0
0.0,0,0,0.0
0.0,0,0,0.0
0.0,0,0,0.0
1.0,0,3.0,0.0
1.0,0,4.0,0.0
1.0,0,4.0,0.0
1.0,0,1.0,0.0
0.0,0,0,0.0
1.0,0,3.0,0.0
1.0,0,5.0,0.0
0.0,0,0,0.0
1.0,0,1.0,0.0
0.0,0,0,0.0
1.0,0,1.0,0.0
0.0,0,0,0.0
0.0,0,0,0.0
0.0,0,0,0.0
0.0,0,0,0.0
1.0,0,1.0,0.0
1.0,0,1.0,0.0
0.0,0,0,0.0
1.0,0,4.0,0.0
1.0,0,2.0,0.0
0.0,0,0,0.0
1.0,0,1.0,0.0
1.0,0,3.0,0.0
1.0,0,1.0,0.0
1.0,0,2.0,0.0
1.0,0,4.0,0.0
1.0,0,4.0,0.0
0.0,0,0,0.0
0.0,0,0,0.0
0.0,0,0,0.0
1.0,0,4.0,0.0
1.0,0,3.0,0.0
1.0,0,5.0,0.0
0.0,0,0,0.0
1.0,0,4.0,0.0
1.0,0,3.0,0.0
0.0,0,0,0.0
0.0,0,0,0.0
0.0,0,0,0.0
1.0,0,5.0,0.0
1.0,0,1.0,0.0
0.0,0,0,0.0
0.0,0.4347826087092391,0,0.0
0.0,0,0,0.0
1.0,0,2.0,0.0
1.0,0,5.0,0.0
0.0,0,0,0.0
0.0,0,0,0.0
1.0,0.13333333314583334,2.0,0.05333333325833334
0.0,0,0,0.0
1.0,0,5.0,0.0
0.0,0,0,0.0
1.0,0,5.0,0.0
0.0,0,0,0.0
0.0,0.06666666683873457,0,0.0
0.0,0,0,0.0
1.0,0,4.0,0.0
0.0,0,0,0.0
0.0,0,0,0.0
1.0,0,1.0,0.0
1.0,0.13333333317862653,5.0,0.13333333317862653
1.0,0,1.0,0.0
0.0,0,0,0.0
0.0,0,0,0.0
0.0,0,0,0.0
0.0,0,0,0.0
1.0,0.03333333347299383,2.0,0.013333333389197533
0.0,0,0,0.0
0.0,0,0,0.0
1.0,0.03333333320100308,5.0,0.03333333320100308
0.0,0,0,0.0
1.0,0,3.0,0.0
1.0,0,5.0,0.0
1.0,0,3.0,0.0
0.0,0,0,0.0
1.0,0.5333333333931327,2.0,0.2133333333572531
1.0,0,1.0,0.0
0.0,0,0,0.0
1.0,0,2.0,0.0
0.0,0,0,0.0
0.0,0,0,0.0
0.0,0,0,0.0
1.0,0,4.0,0.0
0.0,0,0,0.0
0.0,0,0,0.0
1.0,0.13333333333333333,5.0,0.13333333333333333
0.0,0,0,0.0
0.0,0,0,0.0
1.0,0,2.0,0.0
1.0,0,5.0,0.0
0.0,0,0,0.0
1.0,0,1.0,0.0
0.0,0,0,0.0
0.0,0.09999999999035494,0,0.0
0.0,0,0,0.0
1.0,0,4.0,0.0
1.0,0,4.0,0.0
1.0,0,1.0,0.0
0.0,0,0,0.0
0.0,0,0,0.0
0.0,0,0,0.0
0.0,0,0,0.0
1.0,0,5.0,0.0
0.0,0.15384615404914528,0,0.0
0.0,0,0,0.0
0.0,0,0,0.0
0.0,0,0,0.0
0.0,0,0,0.0
1.0,0,1.0,0.0
0.0,0,0,0.0
0.0,0,0,0.0
1.0,0,5.0,0.0
0.0,0,0,0.0
1.0,0,3.0,0.0
1.0,0,1.0,0.0
1.0,0,1.0,0.0
0.0,0,0,0.0
0.0,0,0,0.0
0.0,0,0,0.0
0.0,0,0,0.0
0.0,0,0,0.0
1.0,0,4.0,0.0
0.0,0.15384615384615385,0,0.0
0.0,0,0,0.0
1.0,0,1.0,0.0
0.0,0,0,0.0
1.0,0,5.0,0.0
0.0,0,0,0.0
1.0,0,3.0,0.0
1.0,0,2.0,0.0
1.0,0,5.0,0.0
0.0,0,0,0.0
1.0,0,4.0,0.0
0.0,0,0,0.0
1.0,0.6923076923076923,3.0,0.41538461538461535
1.0,0,3.0,0.0
0.0,0,0,0.0
1.0,0,4.0,0.0
0.0,0.15384615381810895,0,0.0
0.0,0,0,0.0
1.0,0,4.0,0.0
0.0,0,0,0.0
0.0,0,0,0.0
0.0,0,0,0.0
0.5,0,3.0,0.0
0.5,0,4.0,0.0
0.5,0,4.0,0.0
0.5,0,2.0,0.0
0.5,0,4.0,0.0
0.0,0,0,0.0
1.0,0,3.5,0.0
0.5,0,4.0,0.0
0.5,0,4.0,0.0
0.5,0,1.0,0.0
0.0,0,0,0.0
0.5,0,3.0,0.0
0.5,0,5.0,0.0
0.5,0,5.0,0.0
0.5,0,1.0,0.0
0.5,0,3.0,0.0
1.0,0,1.5,0.0
0.0,0,0,0.0
0.0,0,0,0.0
0.0,0,0,0.0
0.0,0,0,0.0
0.5,0,1.0,0.0
0.5,0,1.0,0.0
0.5,0,2.0,0.0
0.5,0,4.0,0.0
0.5,0,2.0,0.0
0.5,0,4.0,0.0
0.5,0,1.0,0.0
1.0,0,2.0,0.0
0.5,0,1.0,0.0
0.5,0,2.0,0.0
0.5,0,4.0,0.0
0.5,0,4.0,0.0
0.5,0,5.0,0.0
0.0,0,0,0.0
0.0,0,0,0.0
1.0,0,3.5,0.0
1.0,0,3.0,0.0
1.0,0,3.0,0.0
0.0,0,0,0.0
1.0,1.8518518518518518e-10,3.5,1.2962962962962962e-10
0.5,0,3.0,0.0
0.5,0,4.0,0.0
0.5,0,5.0,0.0
0.0,0.33333333320408953,0,0.0
0.5,0,5.0,0.0
1.0,0,2.0,0.0
0.5,0,3.0,0.0
0.0,0,0,0.0
0.0,0,0,0.0
0.5,0,3.0,0.0
0.5,0,4.0,0.0
0.5,0,4.0,0.0
0.5,0,2.0,0.0
0.5,0,4.0,0.0
0.0,0,0,0.0
1.0,0,3.5,0.0
0.5,0,4.0,0.0
0.5,0,4.0,0.0
0.5,0,1.0,0.0
0.0,0.33333333311101465,0,0.0
0.5,0,3.0,0.0
0.5,0,5.0,0.0
0.5,0,5.0,0.0
0.5,0,1.0,0.0
0.5,0.041666666666666664,3.0,0.012499999999999999
1.0,0,1.5,0.0
0.0,0,0,0.0
0.0,0,0,0.0
0.0,0,0,0.0
0.0,0.3333333333333333,0,0.0
0.5,0,1.0,0.0
0.5,0.08333333315152393,1.0,0.008333333315152394
0.5,0,2.0,0.0
0.5,0,4.0,0.0
0.5,0,2.0,0.0
0.5,0,4.0,0.0
0.5,0.20833333333333334,1.0,0.020833333333333336
1.0,0,2.0,0.0
0.5,0,1.0,0.0
0.5,0,2.0,0.0
0.5,0.16666666658468363,4.0,0.06666666663387345
0.5,0,4.0,0.0
0.5,0,5.0,0.0
0.0,0,0,0.0
0.0,0,0,0.0
1.0,0,3.5,0.0
1.0,0,3.0,0.0
1.0,0,3.0,0.0
0.0,0,0,0.0
1.0,0,3.5,0.0
0.5,0,3.0,0.0
0.5,0.25,4.0,0.1
0.5,0,5.0,0.0
0.0,0,0,0.0
0.5,0,5.0,0.0
1.0,0,2.0,0.0
0.5,0,3.0,0.0
0.0,0,0,0.0
0.0,0,0,0.0
0.6666666666666666,0,2.5,0.0
0.3333333333333333,0,4.0,0.0
0.3333333333333333,0,4.0,0.0
0.3333333333333333,0,2.0,0.0
0.6666666666666666,0,3.0,0.0
0.3333333333333333,0,2.0,0.0
0.6666666666666666,0,3.5,0.0
0.3333333333333333,0,4.0,0.0
0.6666666666666666,0,4.5,0.0
0.3333333333333333,0,1.0,0.0
0.3333333333333333,0,5.0,0.0
0.3333333333333333,0,3.0,0.0
0.3333333333333333,0,5.0,0.0
0.6666666666666666,0,4.0,0.0
0.6666666666666666,0,3.0,0.0
0.6666666666666666,0,2.0,0.0
1.0,0,2.6666666666666665,0.0
0.3333333333333333,0,1.0,0.0
0.0,0,0,0.0
0.0,0.8999999995335648,0,0.0
0.0,0,0,0.0
0.6666666666666666,0,1.0,0.0
0.6666666666666666,0,1.5,0.0
0.6666666666666666,0,1.5,0.0
0.3333333333333333,0,4.0,0.0
0.3333333333333333,0,2.0,0.0
0.6666666666666666,0,3.0,0.0
0.6666666666666666,0,3.0,0.0
0.6666666666666666,0,2.0,0.0
0.6666666666666666,0,2.5,0.0
0.6666666666666666,0,2.0,0.0
0.6666666666666666,0,2.5,0.0
0.3333333333333333,0.09999999980671295,4.0,0.026666666615123454
0.6666666666666666,0,4.0,0.0
0.3333333333333333,0,4.0,0.0
0.3333333333333333,0,2.0,0.0
1.0,0,2.6666666666666665,0.0
0.6666666666666666,0,3.0,0.0
1.0,0,2.3333333333333335,0.0
0.3333333333333333,0,5.0,0.0
1.0,0,4.0,0.0
0.6666666666666666,0,3.0,0.0
0.3333333333333333,0,4.0,0.0
0.6666666666666666,0,3.0,0.0
0.3333333333333333,0,1.0,0.0
0.3333333333333333,0,5.0,0.0
0.6666666666666666,0,2.0,0.0
0.6666666666666666,0,4.0,0.0
0.0,0,0,0.0
0.3333333333333333,0,5.0,0.0
1.0,0,2.0,0.0
1.0,0,3.0,0.0
0.0,0,0,0.0
0.5,0,3.0,0.0
0.5,0,2.0,0.0
0.5,0,4.0,0.0
1.0,0,3.5,0.0
0.5,0,1.0,0.0
0.5,0,5.0,0.0
0.5,0,2.0,0.0
0.0,0,0,0.0
0.5,0,2.0,0.0
0.5,0,4.0,0.0
0.5,0,3.0,0.0
0.0,0,0,0.0
1.0,0,3.0,0.0
0.5,0,5.0,0.0
1.0,0,2.0,0.0
0.5,0,1.0,0.0
0.5,0,3.0,0.0
0.0,0,0,0.0
0.5,0,3.0,0.0
1.0,0,3.5,0.0
0.5,0,2.0,0.0
0.0,0,0,0.0
1.0,0,4.5,0.0
0.0,0,0,0.0
0.5,0,3.0,0.0
1.0,0,4.0,0.0
0.5,0,3.0,0.0
0.5,0,3.0,0.0
0.5,0,2.0,0.0
1.0,0,2.5,0.0
0.0,0,0,0.0
1.0,0,2.0,0.0
0.5,0,1.0,0.0
0.0,0,0,0.0
0.5,0,3.0,0.0
0.5,0,4.0,0.0
0.5,0,2.0,0.0
0.0,0,0,0.0
1.0,0,5.0,0.0
0.0,0,0,0.0
0.5,0,5.0,0.0
0.5,0,2.0,0.0
1.0,0,4.5,0.0
0.5,0,4.0,0.0
1.0,0,1.5,0.0
0.5,0,3.0,0.0
0.0,0,0,0.0
1.0,0,2.5,0.0
0.5,0,4.0,0.0
0.5,0,4.0,0.0
0.0,0,0,0.0
0.5,0,2.0,0.0
0.5,0,2.0,0.0
0.5,0,3.0,0.0
0.5,0,4.0,0.0
1.0,0,4.5,0.0
0.5,0,1.0,0.0
0.5,0,5.0,0.0
0.5,0,3.0,0.0
0.5,0,5.0,0.0
0.5,0,3.0,0.0
1.0,0,3.0,0.0
0.5,0,1.0,0.0
1.0,0,3.0,0.0
0.5,0,1.0,0.0
0.0,0,0,0.0
0.0,0,0,0.0
0.0,0,0,0.0
1.0,0,1.0,0.0
1.0,0,1.5,0.0
0.5,0,1.0,0.0
0.5,0,4.0,0.0
0.5,0,2.0,0.0
0.5,0,2.0,0.0
1.0,0,3.0,0.0
0.5,0,3.0,0.0
1.0,0,2.5,0.0
1.0,0,2.0,0.0
1.0,0,2.5,0.0
0.5,0,4.0,0.0
0.5,0,3.0,0.0
0.5,0,4.0,0.0
0.5,0,2.0,0.0
1.0,0,2.5,0.0
0.5,0,3.0,0.0
1.0,0,3.0,0.0
0.5,0,5.0,0.0
1.0,0,4.5,0.0
1.0,0,3.0,0.0
0.0,0,0,0.0
0.5,0,1.0,0.0
0.5,0.4285714286433532,1.0,0.04285714286433532
0.5,0,5.0,0.0
0.5,0,1.0,0.0
0.5,0,5.0,0.0
0.0,0,0,0.0
0.5,0,5.0,0.0
0.5,0,3.0,0.0
0.5,0,4.0,0.0
0.5,0,4.0,0.0
0.5,0,2.0,0.0
0.5,0,4.0,0.0
0.0,0,0,0.0
1.0,0,3.5,0.0
0.5,0,4.0,0.0
0.5,0,4.0,0.0
0.5,0,1.0,0.0
0.0,0,0,0.0
0.5,0,3.0,0.0
0.5,0,5.0,0.0
0.5,0,5.0,0.0
0.5,0,1.0,0.0
0.5,0,3.0,0.0
1.0,0,1.5,0.0
0.0,0,0,0.0
0.0,0,0,0.0
0.0,0,0,0.0
0.0,0,0,0.0
0.5,0,1.0,0.0
0.5,0,1.0,0.0
0.5,0,2.0,0.0
0.5,0,4.0,0.0
0.5,0,2.0,0.0
0.5,0,4.0,0.0
0.5,0,1.0,0.0
1.0,0,2.0,0.0
0.5,0,1.0,0.0
0.5,0,2.0,0.0
0.5,0,4.0,0.0
0.5,0,4.0,0.0
0.5,0,5.0,0.0
0.0,0,0,0.0
0.0,0,0,0.0
1.0,0,3.5,0.0
1.0,0,3.0,0.0
1.0,0,3.0,0.0
0.0,0,0,0.0
1.0,1.0,3.5,0.7
0.5,0,3.0,0.0
0.5,0,4.0,0.0
0.5,0,5.0,0.0
0.0,0,0,0.0
0.5,0,5.0,0.0
1.0,0,2.0,0.0
0.5,0,3.0,0.0
0.0,0,0,0.0
0.0,0,0,0.0
1.0,0,2.0,0.0
1.0,0,5.0,0.0
0.0,0,0,0.0
0.0,0,0,0.0
1.0,0,2.0,0.0
0.0,0,0,0.0
1.0,0,5.0,0.0
0.0,0,0,0.0
1.0,0,5.0,0.0
0.0,0.08695652149305555,0,0.0
0.0,0,0,0.0
0.0,0.4347826084551127,0,0.0
1.0,0,4.0,0.0
0.0,0,0,0.0
0.0,0,0,0.0
1.0,0,1.0,0.0
1.0,0,5.0,0.0
1.0,0,1.0,0.0
0.0,0,0,0.0
0.0,0,0,0.0
0.0,0,0,0.0
0.0,0,0,0.0
1.0,0,2.0,0.0
0.0,0,0,0.0
0.0,0,0,0.0
1.0,0,5.0,0.0
0.0,0,0,0.0
1.0,0,3.0,0.0
1.0,0,5.0,0.0
1.0,0,3.0,0.0
0.0,0,0,0.0
1.0,0,2.0,0.0
1.0,0,1.0,0.0
0.0,0,0,0.0
1.0,0,2.0,0.0
0.0,0,0,0.0
0.0,0,0,0.0
0.0,0,0,0.0
1.0,0,4.0,0.0
0.0,0,0,0.0
0.0,0,0,0.0
1.0,0,5.0,0.0
0.0,0,0,0.0
0.0,0,0,0.0
1.0,0,2.0,0.0
1.0,0,5.0,0.0
0.0,0,0,0.0
1.0,0,1.0,0.0
0.0,0,0,0.0
0.0,0,0,0.0
0.3333333333333333,0,2.0,0.0
0.6666666666666666,0,1.5,0.0
0.3333333333333333,0,1.0,0.0
1.0,0,3.0,0.0
0.3333333333333333,0,4.0,0.0
0.3333333333333333,0,4.0,0.0
0.6666666666666666,0,3.0,0.0
0.3333333333333333,0,1.0,0.0
0.3333333333333333,0,3.0,0.0
0.3333333333333333,0,2.0,0.0
0.0,0,0,0.0
0.3333333333333333,0,2.0,0.0
0.0,0,0,0.0
1.0,0.3529411767892157,3.3333333333333335,0.23529411785947718
0.3333333333333333,0,2.0,0.0
1.0,0,4.333333333333333,0.0
0.6666666666666666,0,3.5,0.0
0.3333333333333333,0.7058823532386982,3.0,0.14117647064773964
0.3333333333333333,0,1.0,0.0
0.3333333333333333,0,3.0,0.0
0.0,0,0,0.0
0.6666666666666666,1.0,3.5,0.4666666666666666
0.6666666666666666,0,3.0,0.0
1.0,0,2.6666666666666665,0.0
0.0,0,0,0.0
0.3333333333333333,0,4.0,0.0
0.3333333333333333,0,4.0,0.0
0.3333333333333333,0,4.0,0.0
1.0,0,1.6666666666666667,0.0
0.3333333333333333,0,3.0,0.0
0.6666666666666666,0,3.0,0.0
0.0,0,0,0.0
0.3333333333333333,0,4.0,0.0
0.3333333333333333,0,5.0,0.0
0.6666666666666666,0,3.5,0.0
0.3333333333333333,0,1.0,0.0
0.6666666666666666,0,3.5,0.0
1.0,0,2.6666666666666665,0.0
0.3333333333333333,0,1.0,0.0
0.3333333333333333,0,2.0,0.0
0.3333333333333333,0,3.0,0.0
0.3333333333333333,0,5.0,0.0
0.3333333333333333,0,4.0,0.0
1.0,0,4.666666666666667,0.0
0.0,0,0,0.0
0.6666666666666666,0,3.0,0.0
0.6666666666666666,0,3.5,0.0
0.6666666666666666,0,2.5,0.0
0.3333333333333333,0,3.0,0.0
0.3333333333333333,0,3.0,0.0
1.0,0,2.5,0.0
1.0,0,2.5,0.0
0.5,0,4.0,0.0
0.5,0,3.0,0.0
0.0,0,0,0.0
0.5,0,4.0,0.0
1.0,0,2.5,0.0
1.0,0,2.5,0.0
0.5,0,4.0,0.0
1.0,0,1.5,0.0
0.0,0,0,0.0
1.0,0,2.5,0.0
0.5,0,5.0,0.0
0.5,0,3.0,0.0
0.5,0,1.0,0.0
0.5,0,5.0,0.0
0.5,0,1.0,0.0
0.5,0.14285714310019842,3.0,0.04285714293005952
0.5,0,1.0,0.0
0.5,0,3.0,0.0
0.0,0,0,0.0
1.0,0.6666666668964947,2.0,0.2666666667585979
1.0,0,3.0,0.0
0.5,0,2.0,0.0
0.5,0,4.0,0.0
1.0,0,3.0,0.0
0.0,0,0,0.0
0.5,0,1.0,0.0
1.0,0,3.0,0.0
0.5,0,1.0,0.0
1.0,0,2.5,0.0
0.5,0,4.0,0.0
1.0,0,4.0,0.0
0.0,0,0,0.0
0.5,0,2.0,0.0
0.5,0,1.0,0.0
0.5,0,4.0,0.0
1.0,0,3.0,0.0
0.5,0,5.0,0.0
0.5,0,2.0,0.0
0.5,0,4.0,0.0
1.0,0,4.0,0.0
0.0,0,0,0.0
0.5,0,5.0,0.0
0.0,0,0,0.0
1.0,0,4.5,0.0
1.0,0,2.5,0.0
0.5,0,2.0,0.0
0.5,0,3.0,0.0
0.0,0,0,0.0
0.3333333333333333,0,2.0,0.0
0.6666666666666666,0,1.5,0.0
0.3333333333333333,0,1.0,0.0
1.0,0,3.0,0.0
0.3333333333333333,0,4.0,0.0
0.3333333333333333,0,4.0,0.0
0.6666666666666666,0,3.0,0.0
0.3333333333333333,0,1.0,0.0
0.3333333333333333,0,3.0,0.0
0.3333333333333333,0.857142857974537,2.0,0.11428571439660494
0.0,0,0,0.0
0.3333333333333333,0,2.0,0.0
0.0,0,0,0.0
1.0,0,3.3333333333333335,0.0
0.3333333333333333,0,2.0,0.0
1.0,0,4.333333333333333,0.0
0.6666666666666666,0,3.5,0.0
0.3333333333333333,0,3.0,0.0
0.3333333333333333,0,1.0,0.0
0.3333333333333333,0,3.0,0.0
0.0,0,0,0.0
0.6666666666666666,0,3.5,0.0
0.6666666666666666,0,3.0,0.0
1.0,0,2.6666666666666665,0.0
0.0,0,0,0.0
0.3333333333333333,0,4.0,0.0
0.3333333333333333,0,4.0,0.0
0.3333333333333333,0,4.0,0.0
1.0,0,1.6666666666666667,0.0
0.3333333333333333,0,3.0,0.0
0.6666666666666666,0,3.0,0.0
0.0,0,0,0.0
0.3333333333333333,0,4.0,0.0
0.3333333333333333,0,5.0,0.0
0.6666666666666666,0,3.5,0.0
0.3333333333333333,0,1.0,0.0
0.6666666666666666,0,3.5,0.0
1.0,0,2.6666666666666665,0.0
0.3333333333333333,0,1.0,0.0
0.3333333333333333,0,2.0,0.0
0.3333333333333333,0.7142857140558863,3.0,0.14285714281117723
0.3333333333333333,0,5.0,0.0
0.3333333333333333,0,4.0,0.0
1.0,0,4.666666666666667,0.0
0.0,0,0,0.0
0.6666666666666666,0,3.0,0.0
0.6666666666666666,0,3.5,0.0
0.6666666666666666,0,2.5,0.0
0.3333333333333333,0,3.0,0.0
0.3333333333333333,0,3.0,0.0
0.0,0,0,0.0
0.0,0,0,0.0
0.0,0,0,0.0
1.0,1.0,2.0,0.4
1.0,0,4.0,0.0
0.0,0,0,0.0
1.0,0,4.0,0.0
0.0,0.5999999987939815,0,0.0
0.0,1.0,0,0.0
0.0,0,0,0.0
0.0,0,0,0.0
0.0,0,0,0.0
0.0,0.40000000113194445,0,0.0
1.0,0,5.0,0.0
0.0,1.0,0,0.0
1.0,0,3.0,0.0
1.0,0,2.0,0.0
0.0,0,0,0.0
0.0,0,0,0.0
0.0,0,0,0.0
0.0,0,0,0.0
0.0,0,0,0.0
0.0,0,0,0.0
1.0,0,2.0,0.0
0.0,0,0,0.0
0.0,0,0,0.0
1.0,0,4.0,0.0
0.0,0,0,0.0
1.0,0,1.0,0.0
0.0,0,0,0.0
0.0,0.6000000005046296,0,0.0
0.0,0,0,0.0
0.0,0,0,0.0
1.0,0,5.0,0.0
0.0,0,0,0.0
0.0,0,0,0.0
1.0,1.0,3.0,0.6
1.0,0,3.0,0.0
1.0,1.0,1.0,0.2
0.0,0,0,0.0
1.0,0,3.0,0.0
0.0,0,0,0.0
1.0,0,4.0,0.0
1.0,1.0,5.0,1.0
0.0,0,0,0.0
0.0,0,0,0.0
1.0,0,3.0,0.0
1.0,0,3.0,0.0
0.0,0,0,0.0
0.0,0,0,0.0
0.0,0,0,0.0
0.5,0,2.0,0.0
0.5,0,1.0,0.0
1.0,0,3.0,0.0
0.5,0,4.0,0.0
0.0,0,0,0.0
0.5,0,4.0,0.0
0.0,0,0,0.0
0.5,0,3.0,0.0
0.0,0,0,0.0
0.0,0,0,0.0
0.0,0,0,0.0
0.0,0,0,0.0
1.0,0.8666666662908951,3.5,0.6066666664036265
0.5,0,2.0,0.0
1.0,0,4.0,0.0
1.0,0,3.5,0.0
0.0,0.46666666631481485,0,0.0
0.0,0.5333333333333333,0,0.0
0.0,0,0,0.0
0.0,0,0,0.0
0.5,0,4.0,0.0
0.5,0,1.0,0.0
1.0,0,3.0,0.0
0.0,0,0,0.0
0.0,0,0,0.0
0.5,0,4.0,0.0
0.5,0,4.0,0.0
1.0,0,1.0,0.0
0.5,0,3.0,0.0
0.5,0,3.0,0.0
0.0,0,0,0.0
0.0,0,0,0.0
0.5,0,5.0,0.0
0.5,0,5.0,0.0
0.0,0,0,0.0
1.0,0,3.5,0.0
1.0,0,2.5,0.0
0.5,0,1.0,0.0
0.0,0,0,0.0
0.5,0,3.0,0.0
0.0,0,0,0.0
0.5,0,4.0,0.0
1.0,0,4.5,0.0
0.0,0,0,0.0
0.5,0,2.0,0.0
0.5,0,3.0,0.0
0.5,0,3.0,0.0
0.0,0,0,0.0
0.5,0,3.0,0.0
1.0,0,2.0,0.0
1.0,0,1.0,0.0
0.0,0,0,0.0
1.0,0,3.0,0.0
0.0,0,0,0.0
1.0,0,4.0,0.0
1.0,0,2.0,0.0
1.0,0,1.0,0.0
0.0,0,0,0.0
1.0,0,2.0,0.0
0.0,0,0,0.0
1.0,0,2.0,0.0
0.0,0,0,0.0
1.0,0,3.0,0.0
0.0,0,0,0.0
1.0,0,5.0,0.0
0.0,0,0,0.0
1.0,0,3.0,0.0
1.0,0,1.0,0.0
1.0,0,3.0,0.0
0.0,0,0,0.0
1.0,0,3.0,0.0
1.0,0,5.0,0.0
1.0,0,2.0,0.0
0.0,0,0,0.0
1.0,0,4.0,0.0
0.0,0,0,0.0
0.0,0,0,0.0
1.0,0,3.0,0.0
0.0,0,0,0.0
1.0,0,3.0,0.0
0.0,0,0,0.0
1.0,0,4.0,0.0
0.0,0,0,0.0
1.0,0.9047619048710318,2.0,0.36190476194841276
1.0,0,1.0,0.0
0.0,0,0,0.0
1.0,0.2857142857142857,3.0,0.1714285714285714
0.0,0,0,0.0
1.0,0,2.0,0.0
0.0,0,0,0.0
1.0,0,5.0,0.0
0.0,0,0,0.0
1.0,0,5.0,0.0
0.0,0,0,0.0
1.0,0,4.0,0.0
1.0,0,4.0,0.0
1.0,0.7142857142294973,2.0,0.2857142856917989
1.0,0,3.0,0.0
0.0,0,0,0.0
0.6666666666666666,0,2.0,0.0
0.6666666666666666,0,1.5,0.0
0.3333333333333333,0,1.0,0.0
0.6666666666666666,0,3.5,0.0
0.3333333333333333,0,2.0,0.0
0.6666666666666666,0,3.0,0.0
0.3333333333333333,0,2.0,0.0
0.3333333333333333,0,1.0,0.0
0.6666666666666666,0,4.0,0.0
0.3333333333333333,0,2.0,0.0
0.3333333333333333,0,5.0,0.0
0.3333333333333333,0,2.0,0.0
0.0,0,0,0.0
1.0,0,2.6666666666666665,0.0
0.6666666666666666,0,3.5,0.0
1.0,0,3.6666666666666665,0.0
0.6666666666666666,0,5.0,0.0
0.6666666666666666,0,2.0,0.0
0.3333333333333333,0,1.0,0.0
0.3333333333333333,0,3.0,0.0
0.0,0,0,0.0
1.0,0,2.6666666666666665,0.0
1.0,0,2.6666666666666665,0.0
1.0,0,2.3333333333333335,0.0
0.0,0,0,0.0
0.3333333333333333,0,4.0,0.0
0.3333333333333333,0,2.0,0.0
0.6666666666666666,0,4.5,0.0
0.6666666666666666,0,2.0,0.0
0.6666666666666666,0,3.5,0.0
1.0,0,2.6666666666666665,0.0
0.3333333333333333,0,1.0,0.0
0.3333333333333333,0,4.0,0.0
0.3333333333333333,0,3.0,0.0
1.0,1.0,3.6666666666666665,0.7333333333333333
0.6666666666666666,0,1.5,0.0
0.6666666666666666,0,2.5,0.0
0.6666666666666666,0.16666666701195987,2.5,0.05555555567065329
0.3333333333333333,0,1.0,0.0
0.6666666666666666,0,3.5,0.0
0.3333333333333333,0,5.0,0.0
0.6666666666666666,0,4.0,0.0
0.0,0,0,0.0
1.0,0,3.3333333333333335,0.0
0.3333333333333333,0,1.0,0.0
0.6666666666666666,0,3.0,0.0
0.3333333333333333,0,4.0,0.0
0.6666666666666666,1.0,3.5,0.4666666666666666
0.3333333333333333,0,3.0,0.0
0.6666666666666666,0,4.0,0.0
1.0,0.1875,2.0,0.07500000000000001
0.0,0,0,0.0
0.0,0,0,0.0
0.0,0,0,0.0
1.0,4.072627314814815e-10,2.0,1.6290509259259262e-10
1.0,0,2.0,0.0
0.0,0.7499999996028646,0,0.0
0.0,0,0,0.0
1.0,0,5.0,0.0
0.0,0,0,0.0
1.0,0,5.0,0.0
0.0,0,0,0.0
0.0,0.12499999963107639,0,0.0
1.0,0,3.0,0.0
1.0,0,5.0,0.0
1.0,0,1.0,0.0
1.0,0.43750000034577546,5.0,0.43750000034577546
1.0,0,1.0,0.0
0.0,0,0,0.0
0.0,0,0,0.0
0.0,0,0,0.0
1.0,0,1.0,0.0
1.0,0,2.0,0.0
1.0,0,1.0,0.0
0.0,0,0,0.0
0.0,0.25000000030381947,0,0.0
1.0,0,2.0,0.0
1.0,0,5.0,0.0
0.0,0,0,0.0
1.0,0,4.0,0.0
1.0,0,2.0,0.0
1.0,0,1.0,0.0
0.0,0,0,0.0
1.0,0,3.0,0.0
1.0,0,4.0,0.0
1.0,0,2.0,0.0
1.0,0,1.0,0.0
0.0,0,0,0.0
1.0,0,1.0,0.0
1.0,0,5.0,0.0
1.0,0,5.0,0.0
1.0,0,3.0,0.0
0.0,0,0,0.0
1.0,0,1.0,0.0
1.0,0,1.0,0.0
0.0,0.125,0,0.0
0.0,0,0,0.0
1.0,0,5.0,0.0
0.0,0,0,0.0
1.0,0,5.0,0.0
1.0,0,2.0,0.0
1.0,0,5.0,0.0
0.0,0,0,0.0
0.0,0.32142857166583994,0,0.0
1.0,0,2.0,0.0
0.0,0,0,0.0
1.0,0,5.0,0.0
0.0,0.10714285736855159,0,0.0
1.0,2.2280092592592592e-10,5.0,2.2280092592592592e-10
0.0,0,0,0.0
0.0,0,0,0.0
0.0,0,0,0.0
1.0,0,4.0,0.0
0.0,0,0,0.0
0.0,0.03571428592013889,0,0.0
1.0,0,1.0,0.0
1.0,0,5.0,0.0
1.0,0,1.0,0.0
0.0,0,0,0.0
0.0,0,0,0.0
0.0,0,0,0.0
0.0,0,0,0.0
1.0,0,2.0,0.0
0.0,0,0,0.0
0.0,0.32142857142857145,0,0.0
1.0,0,5.0,0.0
0.0,0,0,0.0
1.0,0,3.0,0.0
1.0,0,5.0,0.0
1.0,0,3.0,0.0
0.0,0,0,0.0
1.0,0,2.0,0.0
1.0,0,1.0,0.0
0.0,0,0,0.0
1.0,0,2.0,0.0
0.0,0,0,0.0
0.0,0,0,0.0
0.0,0,0,0.0
1.0,0.07142857150338955,4.0,0.057142857202711644
0.0,0,0,0.0
0.0,0,0,0.0
1.0,0,5.0,0.0
0.0,0,0,0.0
0.0,5.99371693121693e-11,0,0.0
1.0,0,2.0,0.0
1.0,0,5.0,0.0
0.0,0,0,0.0
1.0,0,1.0,0.0
0.0,0.7857142857142857,0,0.0
0.0,0,0,0.0
0.3333333333333333,0,2.0,0.0
1.0,0,3.6666666666666665,0.0
0.6666666666666666,0,2.5,0.0
0.6666666666666666,0,2.5,0.0
0.3333333333333333,0,2.0,0.0
0.0,0,0,0.0
0.3333333333333333,0,5.0,0.0
0.0,0,0,0.0
1.0,0,4.333333333333333,0.0
0.0,0,0,0.0
0.0,0.4230769233137464,0,0.0
0.0,0,0,0.0
0.3333333333333333,0,4.0,0.0
0.3333333333333333,0,2.0,0.0
0.6666666666666666,0,1.5,0.0
0.6666666666666666,0.038461538461538464,3.0,0.015384615384615384
0.6666666666666666,0,5.0,0.0
0.6666666666666666,0,3.0,0.0
0.0,0,0,0.0
0.3333333333333333,0,3.0,0.0
0.3333333333333333,0,1.0,0.0
0.6666666666666666,0,2.5,0.0
0.6666666666666666,0.34615384615384615,1.5,0.06923076923076922
0.3333333333333333,0,4.0,0.0
0.0,0,0,0.0
0.3333333333333333,0,5.0,0.0
0.0,0,0,0.0
1.0,0,3.6666666666666665,0.0
0.6666666666666666,0,3.0,0.0
0.6666666666666666,0,3.0,0.0
0.6666666666666666,0,2.0,0.0
0.3333333333333333,0.9615384616457444,2.0,0.12820512821943258
0.6666666666666666,0,3.0,0.0
0.0,0,0,0.0
1.0,0,3.3333333333333335,0.0
0.3333333333333333,0,2.0,0.0
0.6666666666666666,0,4.5,0.0
0.3333333333333333,0,2.0,0.0
0.6666666666666666,0,4.0,0.0
0.0,0,0,0.0
0.3333333333333333,0,3.0,0.0
0.6666666666666666,0,4.0,0.0
0.0,0,0,0.0
0.6666666666666666,0,4.0,0.0
0.3333333333333333,0,2.0,0.0
0.6666666666666666,0,3.5,0.0
0.3333333333333333,0,4.0,0.0
0.3333333333333333,0,1.0,0.0
0.0,0,0,0.0
0.3333333333333333,0,3.0,0.0
0.5,0,2.0,0.0
0.5,0,2.0,0.0
0.5,0.3157894740448343,1.0,0.031578947404483436
0.5,0,4.0,0.0
0.5,0,2.0,0.0
0.5,0,2.0,0.0
0.0,0,0,0.0
0.0,0,0,0.0
1.0,0,4.0,0.0
0.0,0,0,0.0
0.5,0,5.0,0.0
0.0,0,0,0.0
0.0,0,0,0.0
1.0,0,2.5,0.0
1.0,0,3.5,0.0
1.0,0,3.0,0.0
1.0,0,5.0,0.0
0.5,0,1.0,0.0
0.0,0,0,0.0
0.0,0,0,0.0
0.0,0,0,0.0
1.0,0,2.5,0.0
1.0,0,1.5,0.0
1.0,0,2.5,0.0
0.0,0,0,0.0
0.0,0,0,0.0
0.5,0,2.0,0.0
1.0,0,4.5,0.0
0.5,0,1.0,0.0
1.0,0,3.5,0.0
1.0,0,2.5,0.0
0.5,0,1.0,0.0
0.0,0,0,0.0
0.5,0.5263157896137914,3.0,0.15789473688413744
1.0,0,4.5,0.0
0.5,0,2.0,0.0
1.0,0,2.5,0.0
0.5,0,2.0,0.0
0.5,0,1.0,0.0
0.5,0.894736842217349,5.0,0.4473684211086745
0.5,0,5.0,0.0
0.5,0,3.0,0.0
0.0,0,0,0.0
1.0,0,2.5,0.0
0.5,0,1.0,0.0
0.5,0,2.0,0.0
0.0,0.05263157894736842,0,0.0
0.5,0,5.0,0.0
0.0,0,0,0.0
1.0,0,4.0,0.0
0.3333333333333333,0,2.0,0.0
1.0,0,3.6666666666666665,0.0
0.6666666666666666,0,2.5,0.0
0.6666666666666666,0,2.5,0.0
0.3333333333333333,0,2.0,0.0
0.0,0.07692307692307693,0,0.0
0.3333333333333333,0,5.0,0.0
0.0,0,0,0.0
1.0,0,4.333333333333333,0.0
0.0,0,0,0.0
0.0,0,0,0.0
0.0,0,0,0.0
0.3333333333333333,0,4.0,0.0
0.3333333333333333,0,2.0,0.0
0.6666666666666666,0,1.5,0.0
0.6666666666666666,0,3.0,0.0
0.6666666666666666,0,5.0,0.0
0.6666666666666666,0,3.0,0.0
0.0,0,0,0.0
0.3333333333333333,0.7692307692307693,3.0,0.15384615384615385
0.3333333333333333,0,1.0,0.0
0.6666666666666666,0,2.5,0.0
0.6666666666666666,0,1.5,0.0
0.3333333333333333,0,4.0,0.0
0.0,0,0,0.0
0.3333333333333333,0,5.0,0.0
0.0,0,0,0.0
1.0,0,3.6666666666666665,0.0
0.6666666666666666,0,3.0,0.0
0.6666666666666666,0,3.0,0.0
0.6666666666666666,0,2.0,0.0
0.3333333333333333,0,2.0,0.0
0.6666666666666666,0.3846153843999288,3.0,0.15384615375997152
0.0,0,0,0.0
1.0,0,3.3333333333333335,0.0
0.3333333333333333,0,2.0,0.0
0.6666666666666666,0,4.5,0.0
0.3333333333333333,0,2.0,0.0
0.6666666666666666,0,4.0,0.0
0.0,0,0,0.0
0.3333333333333333,0,3.0,0.0
0.6666666666666666,0,4.0,0.0
0.0,0,0,0.0
0.6666666666666666,0,4.0,0.0
0.3333333333333333,0,2.0,0.0
0.6666666666666666,0,3.5,0.0
0.3333333333333333,0,4.0,0.0
0.3333333333333333,0,1.0,0.0
0.0,0,0,0.0
0.3333333333333333,0,3.0,0.0
0.3333333333333333,0,2.0,0.0
0.6666666666666666,0,3.0,0.0
0.6666666666666666,0,2.5,0.0
0.6666666666666666,0,2.5,0.0
0.3333333333333333,0,2.0,0.0
0.3333333333333333,0,2.0,0.0
0.0,0,0,0.0
0.0,0,0,0.0
1.0,0,4.333333333333333,0.0
0.0,0,0,0.0
0.3333333333333333,0,5.0,0.0
0.0,0,0,0.0
0.0,0,0,0.0
0.6666666666666666,0,2.5,0.0
1.0,0,2.6666666666666665,0.0
0.6666666666666666,0,3.0,0.0
0.6666666666666666,0,5.0,0.0
0.6666666666666666,0,3.0,0.0
0.0,0,0,0.0
0.3333333333333333,0.9999999994398149,3.0,0.19999999988796296
0.3333333333333333,0,1.0,0.0
1.0,0,2.0,0.0
0.6666666666666666,0,1.5,0.0
0.6666666666666666,0,2.5,0.0
0.0,0,0,0.0
0.0,0,0,0.0
0.3333333333333333,0,2.0,0.0
1.0,0,4.333333333333333,0.0
0.3333333333333333,0,1.0,0.0
0.6666666666666666,0,3.5,0.0
1.0,0,2.0,0.0
0.3333333333333333,0,1.0,0.0
0.3333333333333333,0.19999999971296298,5.0,0.06666666657098766
0.3333333333333333,0,3.0,0.0
1.0,0,4.0,0.0
0.6666666666666666,0,2.0,0.0
1.0,0,3.3333333333333335,0.0
0.3333333333333333,0,2.0,0.0
0.6666666666666666,0,2.5,0.0
0.3333333333333333,0,5.0,0.0
0.6666666666666666,0,4.0,0.0
0.6666666666666666,0,3.0,0.0
0.0,0,0,0.0
1.0,0,3.0,0.0
0.3333333333333333,0,1.0,0.0
0.3333333333333333,0,2.0,0.0
0.3333333333333333,0,4.0,0.0
0.3333333333333333,0,5.0,0.0
0.0,0,0,0.0
0.6666666666666666,0,4.0,0.0
0.5,0,3.0,0.0
1.0,0,4.0,0.0
1.0,0,4.0,0.0
0.5,0,1.0,0.0
0.0,0,0,0.0
0.0,0.03333333333333333,0,0.0
0.5,0,3.0,0.0
0.5,0,4.0,0.0
1.0,0,4.5,0.0
0.5,0,1.0,0.0
0.0,0,0,0.0
0.5,0,3.0,0.0
0.5,0,5.0,0.0
0.0,0,0,0.0
1.0,0,1.0,0.0
0.0,0,0,0.0
0.5,0,1.0,0.0
0.5,0,5.0,0.0
0.0,0,0,0.0
0.5,0.3333333333333333,3.0,0.09999999999999999
0.5,0,1.0,0.0
1.0,0,1.0,0.0
0.5,0,1.0,0.0
0.0,0,0,0.0
0.5,0,4.0,0.0
0.5,0,2.0,0.0
0.0,0,0,0.0
1.0,0,2.5,0.0
0.5,0,3.0,0.0
0.5,0,1.0,0.0
1.0,0,1.5,0.0
0.5,0,4.0,0.0
1.0,0.2,4.5,0.18000000000000002
0.0,0,0,0.0
0.5,0,3.0,0.0
0.5,0,2.0,0.0
1.0,0,4.5,0.0
0.5,0,3.0,0.0
1.0,0,4.5,0.0
0.0,0,0,0.0
1.0,0,3.5,0.0
1.0,0,3.0,0.0
0.0,0,0,0.0
0.5,0,4.0,0.0
0.0,0,0,0.0
0.5,0,5.0,0.0
1.0,0,2.5,0.0
0.0,0,0,0.0
0.0,0,0,0.0
0.0,0,0,0.0
0.3333333333333333,0,2.0,0.0
0.6666666666666666,0,4.5,0.0
0.3333333333333333,0,4.0,0.0
0.6666666666666666,0,1.5,0.0
0.6666666666666666,0,3.0,0.0
0.0,0,0,0.0
0.6666666666666666,0,4.5,0.0
0.0,0,0,0.0
0.6666666666666666,0,5.0,0.0
0.0,0,0,0.0
0.0,0.22222222150591564,0,0.0
0.0,0,0,0.0
0.3333333333333333,0,4.0,0.0
0.3333333333333333,0,5.0,0.0
0.3333333333333333,0,1.0,0.0
0.6666666666666666,0,2.0,0.0
0.6666666666666666,0,3.5,0.0
0.6666666666666666,0,3.0,0.0
0.0,0,0,0.0
0.3333333333333333,0,3.0,0.0
0.3333333333333333,0.7777777784066358,1.0,0.05185185189377572
0.3333333333333333,0,1.0,0.0
0.3333333333333333,0,2.0,0.0
0.3333333333333333,0,2.0,0.0
0.0,0,0,0.0
0.3333333333333333,0,5.0,0.0
0.3333333333333333,0,4.0,0.0
0.6666666666666666,0.5555555555555556,3.5,0.25925925925925924
0.6666666666666666,0,3.0,0.0
0.3333333333333333,0,3.0,0.0
0.3333333333333333,0,1.0,0.0
0.3333333333333333,0,2.0,0.0
0.6666666666666666,0,3.0,0.0
0.3333333333333333,0,5.0,0.0
0.6666666666666666,0,2.5,0.0
0.3333333333333333,0,2.0,0.0
0.6666666666666666,0,4.0,0.0
0.3333333333333333,0,3.0,0.0
1.0,0,3.0,0.0
0.0,0,0,0.0
0.6666666666666666,0,3.0,0.0
0.6666666666666666,0,4.0,0.0
0.3333333333333333,0.6666666666666666,4.0,0.17777777777777776
0.6666666666666666,0,4.5,0.0
0.3333333333333333,0,2.0,0.0
0.3333333333333333,0,5.0,0.0
0.6666666666666666,0,3.5,0.0
0.6666666666666666,0,2.0,0.0
0.0,0,0,0.0
0.0,0,0,0.0
0.5,0,3.0,0.0
1.0,0,4.0,0.0
1.0,0.3684210522557261,4.0,0.2947368418045809
0.5,0,1.0,0.0
0.0,0,0,0.0
0.0,0,0,0.0
0.5,0,3.0,0.0
0.5,0,4.0,0.0
1.0,0,4.5,0.0
0.5,0,1.0,0.0
0.0,0,0,0.0
0.5,0,3.0,0.0
0.5,0,5.0,0.0
0.0,0,0,0.0
1.0,0,1.0,0.0
0.0,0,0,0.0
0.5,0,1.0,0.0
0.5,0,5.0,0.0
0.0,0,0,0.0
0.5,0,3.0,0.0
0.5,0,1.0,0.0
1.0,0,1.0,0.0
0.5,0,1.0,0.0
0.0,0,0,0.0
0.5,0,4.0,0.0
0.5,0,2.0,0.0
0.0,0,0,0.0
1.0,0,2.5,0.0
0.5,0,3.0,0.0
0.5,0,1.0,0.0
1.0,0,1.5,0.0
0.5,0,4.0,0.0
1.0,0,4.5,0.0
0.0,0.9473684208972952,0,0.0
0.5,0,3.0,0.0
0.5,0,2.0,0.0
1.0,0,4.5,0.0
0.5,0,3.0,0.0
1.0,0,4.5,0.0
0.0,0.473684210399001,0,0.0
1.0,0,3.5,0.0
1.0,0,3.0,0.0
0.0,0,0,0.0
0.5,0,4.0,0.0
0.0,0,0,0.0
0.5,0,5.0,0.0
1.0,0,2.5,0.0
0.0,0.4736842106182992,0,0.0
0.0,0,0,0.0
0.0,0,0,0.0
0.5,0,2.0,0.0
0.5,0,5.0,0.0
0.0,0,0,0.0
0.5,0,2.0,0.0
1.0,0,3.0,0.0
0.0,0,0,0.0
1.0,0,4.5,0.0
0.0,0,0,0.0
0.5,0,5.0,0.0
0.0,0,0,0.0
0.0,0,0,0.0
0.0,0,0,0.0
0.5,0,4.0,0.0
0.5,0.8888888895897633,5.0,0.44444444479488165
0.0,0,0,0.0
1.0,0,2.0,0.0
1.0,0,3.5,0.0
0.5,1.0,1.0,0.1
0.0,0,0,0.0
0.0,0,0,0.0
0.0,0,0,0.0
0.0,1.0,0,0.0
0.5,0,2.0,0.0
0.5,0,2.0,0.0
0.0,0,0,0.0
0.5,0,5.0,0.0
0.5,0,4.0,0.0
0.5,0,3.0,0.0
1.0,0,3.0,0.0
0.5,0,3.0,0.0
0.0,0,0,0.0
0.5,0,2.0,0.0
0.5,0,1.0,0.0
0.5,0,5.0,0.0
0.5,0,2.0,0.0
0.0,0,0,0.0
0.5,0,3.0,0.0
0.5,0,3.0,0.0
1.0,0,2.5,0.0
0.0,0,0,0.0
0.5,0,3.0,0.0
0.5,0,5.0,0.0
0.5,0,4.0,0.0
0.5,0,5.0,0.0
0.5,0,2.0,0.0
0.5,0,5.0,0.0
0.5,0,3.0,0.0
1.0,0,2.0,0.0
0.0,0,0,0.0
0.0,0,0,0.0
0.0,0,0,0.0
0.5,0,2.0,0.0
0.5,0,1.0,0.0
1.0,0,3.0,0.0
0.5,0,4.0,0.0
0.0,0,0,0.0
0.5,0,4.0,0.0
0.0,0,0,0.0
0.5,0,3.0,0.0
0.0,0,0,0.0
0.0,0,0,0.0
0.0,0,0,0.0
0.0,0,0,0.0
1.0,0,3.5,0.0
0.5,0,2.0,0.0
1.0,0,4.0,0.0
1.0,0,3.5,0.0
0.0,0,0,0.0
0.0,0,0,0.0
0.0,0,0,0.0
0.0,0.1851851849695645,0,0.0
0.5,0,4.0,0.0
0.5,0,1.0,0.0
1.0,0,3.0,0.0
0.0,0,0,0.0
0.0,0,0,0.0
0.5,0,4.0,0.0
0.5,0.03703703684242113,4.0,0.014814814736968452
1.0,0,1.0,0.0
0.5,0,3.0,0.0
0.5,0,3.0,0.0
0.0,0,0,0.0
0.0,1.1659807956104251e-10,0,0.0
0.5,0,5.0,0.0
0.5,0,5.0,0.0
0.0,0,0,0.0
1.0,0,3.5,0.0
1.0,0,2.5,0.0
0.5,0,1.0,0.0
0.0,0,0,0.0
0.5,0,3.0,0.0
0.0,0,0,0.0
0.5,0.11111111102666324,4.0,0.0444444444106653
1.0,0,4.5,0.0
0.0,0,0,0.0
0.5,0,2.0,0.0
0.5,0,3.0,0.0
0.5,0,3.0,0.0
0.0,0,0,0.0
0.5,0,3.0,0.0
0.6666666666666666,0,2.5,0.0
0.3333333333333333,0,4.0,0.0
0.3333333333333333,0,4.0,0.0
0.3333333333333333,0,2.0,0.0
0.6666666666666666,0,3.0,0.0
0.3333333333333333,0,2.0,0.0
0.6666666666666666,0,3.5,0.0
0.3333333333333333,0,4.0,0.0
0.6666666666666666,0,4.5,0.0
0.3333333333333333,0,1.0,0.0
0.3333333333333333,0,5.0,0.0
0.3333333333333333,0,3.0,0.0
0.3333333333333333,0,5.0,0.0
0.6666666666666666,0,4.0,0.0
0.6666666666666666,0,3.0,0.0
0.6666666666666666,0,2.0,0.0
1.0,0,2.6666666666666665,0.0
0.3333333333333333,0,1.0,0.0
0.0,0,0,0.0
0.0,0,0,0.0
0.0,0,0,0.0
0.6666666666666666,0,1.0,0.0
0.6666666666666666,0,1.5,0.0
0.6666666666666666,0,1.5,0.0
0.3333333333333333,0,4.0,0.0
0.3333333333333333,0,2.0,0.0
0.6666666666666666,0,3.0,0.0
0.6666666666666666,0,3.0,0.0
0.6666666666666666,0,2.0,0.0
0.6666666666666666,0,2.5,0.0
0.6666666666666666,0,2.0,0.0
0.6666666666666666,0,2.5,0.0
0.3333333333333333,0,4.0,0.0
0.6666666666666666,0,4.0,0.0
0.3333333333333333,0,4.0,0.0
0.3333333333333333,0,2.0,0.0
1.0,0,2.6666666666666665,0.0
0.6666666666666666,0,3.0,0.0
1.0,0,2.3333333333333335,0.0
0.3333333333333333,0,5.0,0.0
1.0,0,4.0,0.0
0.6666666666666666,0,3.0,0.0
0.3333333333333333,0,4.0,0.0
0.6666666666666666,0,3.0,0.0
0.3333333333333333,1.0,1.0,0.06666666666666667
0.3333333333333333,0,5.0,0.0
0.6666666666666666,0,2.0,0.0
0.6666666666666666,0,4.0,0.0
0.0,0,0,0.0
0.3333333333333333,0,5.0,0.0
0.0,0,0,0.0
1.0,0,2.0,0.0
1.0,0,1.0,0.0
1.0,0,4.0,0.0
0.0,0,0,0.0
0.0,0,0,0.0
0.0,1.0,0,0.0
0.0,0,0,0.0
1.0,0,3.0,0.0
0.0,0,0,0.0
0.0,0,0,0.0
0.0,0,0,0.0
0.0,0,0,0.0
1.0,0,2.0,0.0
1.0,0,2.0,0.0
1.0,0,5.0,0.0
1.0,0.40000000123842594,5.0,0.40000000123842594
0.0,0,0,0.0
0.0,0,0,0.0
0.0,0,0,0.0
0.0,0,0,0.0
1.0,0,4.0,0.0
1.0,0,1.0,0.0
1.0,0,4.0,0.0
0.0,0,0,0.0
0.0,0,0,0.0
0.0,0,0,0.0
1.0,0,4.0,0.0
1.0,0,1.0,0.0
1.0,0,3.0,0.0
1.0,0,3.0,0.0
0.0,0,0,0.0
0.0,0,0,0.0
0.0,0,0,0.0
1.0,0,5.0,0.0
0.0,0,0,0.0
1.0,0,4.0,0.0
1.0,0,2.0,0.0
0.0,0,0,0.0
0.0,0,0,0.0
0.0,0,0,0.0
0.0,0,0,0.0
0.0,0,0,0.0
1.0,0,4.0,0.0
0.0,0,0,0.0
1.0,0,2.0,0.0
0.0,0,0,0.0
0.0,0,0,0.0
0.0,0,0,0.0
1.0,0,3.0,0.0
0.3333333333333333,0,2.0,0.0
0.6666666666666666,0,4.5,0.0
0.3333333333333333,0,4.0,0.0
0.6666666666666666,0,1.5,0.0
0.6666666666666666,0,3.0,0.0
0.0,0,0,0.0
0.6666666666666666,0,4.5,0.0
0.0,0,0,0.0
0.6666666666666666,0,5.0,0.0
0.0,0,0,0.0
0.0,0,0,0.0
0.0,0,0,0.0
0.3333333333333333,0,4.0,0.0
0.3333333333333333,0,5.0,0.0
0.3333333333333333,0,1.0,0.0
0.6666666666666666,0,2.0,0.0
0.6666666666666666,0,3.5,0.0
0.6666666666666666,0,3.0,0.0
0.0,0,0,0.0
0.3333333333333333,0,3.0,0.0
0.3333333333333333,0,1.0,0.0
0.3333333333333333,0,1.0,0.0
0.3333333333333333,0,2.0,0.0
0.3333333333333333,0,2.0,0.0
0.0,0,0,0.0
0.3333333333333333,0,5.0,0.0
0.3333333333333333,0,4.0,0.0
0.6666666666666666,0,3.5,0.0
0.6666666666666666,0,3.0,0.0
0.3333333333333333,0,3.0,0.0
0.3333333333333333,0,1.0,0.0
0.3333333333333333,0,2.0,0.0
0.6666666666666666,0,3.0,0.0
0.3333333333333333,0,5.0,0.0
0.6666666666666666,1.0,2.5,0.3333333333333333
0.3333333333333333,0,2.0,0.0
0.6666666666666666,0,4.0,0.0
0.3333333333333333,0,3.0,0.0
1.0,0,3.0,0.0
0.0,0,0,0.0
0.6666666666666666,0,3.0,0.0
0.6666666666666666,0,4.0,0.0
0.3333333333333333,0,4.0,0.0
0.6666666666666666,0,4.5,0.0
0.3333333333333333,0,2.0,0.0
0.3333333333333333,0,5.0,0.0
0.6666666666666666,0,3.5,0.0
0.6666666666666666,1.0,2.0,0.26666666666666666
0.0,0,0,0.0
0.0,0,0,0.0
0.6666666666666666,0,2.5,0.0
0.3333333333333333,0,4.0,0.0
0.3333333333333333,0,4.0,0.0
0.3333333333333333,0,2.0,0.0
0.6666666666666666,0,3.0,0.0
0.3333333333333333,0,2.0,0.0
0.6666666666666666,0,3.5,0.0
0.3333333333333333,0,4.0,0.0
0.6666666666666666,0,4.5,0.0
0.3333333333333333,0,1.0,0.0
0.3333333333333333,0,5.0,0.0
0.3333333333333333,0,3.0,0.0
0.3333333333333333,0,5.0,0.0
0.6666666666666666,0.11111111074524177,4.0,0.05925925906412894
0.6666666666666666,0,3.0,0.0
0.6666666666666666,0,2.0,0.0
1.0,0,2.6666666666666665,0.0
0.3333333333333333,0,1.0,0.0
0.0,0,0,0.0
0.0,0,0,0.0
0.0,0,0,0.0
0.6666666666666666,0,1.0,0.0
0.6666666666666666,0,1.5,0.0
0.6666666666666666,0,1.5,0.0
0.3333333333333333,0,4.0,0.0
0.3333333333333333,0,2.0,0.0
0.6666666666666666,0,3.0,0.0
0.6666666666666666,0,3.0,0.0
0.6666666666666666,0,2.0,0.0
0.6666666666666666,0,2.5,0.0
0.6666666666666666,0,2.0,0.0
0.6666666666666666,0,2.5,0.0
0.3333333333333333,0,4.0,0.0
0.6666666666666666,0,4.0,0.0
0.3333333333333333,0,4.0,0.0
0.3333333333333333,0,2.0,0.0
1.0,0,2.6666666666666665,0.0
0.6666666666666666,0,3.0,0.0
1.0,0,2.3333333333333335,0.0
0.3333333333333333,0,5.0,0.0
1.0,0,4.0,0.0
0.6666666666666666,0,3.0,0.0
0.3333333333333333,0,4.0,0.0
0.6666666666666666,0,3.0,0.0
0.3333333333333333,0.3888888888888889,1.0,0.025925925925925925
0.3333333333333333,0,5.0,0.0
0.6666666666666666,0,2.0,0.0
0.6666666666666666,0,4.0,0.0
0.0,0,0,0.0
0.3333333333333333,0,5.0,0.0
0.5,0,3.0,0.0
1.0,0,4.0,0.0
1.0,0,4.0,0.0
0.5,0,1.0,0.0
0.0,0,0,0.0
0.0,0,0,0.0
0.5,0,3.0,0.0
0.5,0,4.0,0.0
1.0,0,4.5,0.0
0.5,0,1.0,0.0
0.0,0,0,0.0
0.5,0,3.0,0.0
0.5,0,5.0,0.0
0.0,0,0,0.0
1.0,0,1.0,0.0
0.0,0,0,0.0
0.5,0,1.0,0.0
0.5,0,5.0,0.0
0.0,0,0,0.0
0.5,0,3.0,0.0
0.5,0,1.0,0.0
1.0,0,1.0,0.0
0.5,0,1.0,0.0
0.0,0,0,0.0
0.5,0,4.0,0.0
0.5,0,2.0,0.0
0.0,0,0,0.0
1.0,0,2.5,0.0
0.5,0,3.0,0.0
0.5,0,1.0,0.0
1.0,0,1.5,0.0
0.5,0,4.0,0.0
1.0,0,4.5,0.0
0.0,0,0,0.0
0.5,1.0,3.0,0.3
0.5,0,2.0,0.0
1.0,0,4.5,0.0
0.5,0,3.0,0.0
1.0,0,4.5,0.0
0.0,0,0,0.0
1.0,0,3.5,0.0
1.0,0,3.0,0.0
0.0,0,0,0.0
0.5,0,4.0,0.0
0.0,0,0,0.0
0.5,0,5.0,0.0
1.0,0,2.5,0.0
0.0,0,0,0.0
0.0,0,0,0.0
0.0,0,0,0.0
1.0,0,2.0,0.0
1.0,0,3.0,0.0
0.0,0.4375,0,0.0
0.5,0,3.0,0.0
0.5,0,2.0,0.0
0.5,0,4.0,0.0
1.0,0,3.5,0.0
0.5,0,1.0,0.0
0.5,0,5.0,0.0
0.5,0,2.0,0.0
0.0,0,0,0.0
0.5,0,2.0,0.0
0.5,0,4.0,0.0
0.5,0,3.0,0.0
0.0,0,0,0.0
1.0,0,3.0,0.0
0.5,0,5.0,0.0
1.0,0,2.0,0.0
0.5,0,1.0,0.0
0.5,0,3.0,0.0
0.0,0,0,0.0
0.5,0,3.0,0.0
1.0,0,3.5,0.0
0.5,0,2.0,0.0
0.0,0,0,0.0
1.0,0,4.5,0.0
0.0,0,0,0.0
0.5,0,3.0,0.0
1.0,0,4.0,0.0
0.5,0,3.0,0.0
0.5,0,3.0,0.0
0.5,0,2.0,0.0
1.0,0,2.5,0.0
0.0,1.0,0,0.0
1.0,0,2.0,0.0
0.5,0,1.0,0.0
0.0,0,0,0.0
0.5,0,3.0,0.0
0.5,0,4.0,0.0
0.5,0.6249999998213253,2.0,0.12499999996426506
0.0,0,0,0.0
1.0,0,5.0,0.0
0.0,0,0,0.0
0.5,0,5.0,0.0
0.5,0,2.0,0.0
1.0,0,4.5,0.0
0.5,0,4.0,0.0
1.0,0.31250000013671875,1.5,0.09375000004101562
0.5,0,3.0,0.0
0.0,0,0,0.0
0.3333333333333333,0,2.0,0.0
0.3333333333333333,0,2.0,0.0
0.3333333333333333,0,1.0,0.0
0.6666666666666666,0.35714285741195434,3.0,0.14285714296478172
0.6666666666666666,0,3.0,0.0
0.3333333333333333,0,2.0,0.0
0.3333333333333333,0,4.0,0.0
0.0,0.14285714311466602,0,0.0
0.6666666666666666,0.03571428596891535,4.0,0.01904761918342152
0.0,0,0,0.0
0.3333333333333333,0,5.0,0.0
0.0,0,0,0.0
0.0,0,0,0.0
1.0,0,3.3333333333333335,0.0
0.6666666666666666,0.07142857166625331,3.5,0.033333333444251545
1.0,0,3.0,0.0
1.0,0,4.0,0.0
0.3333333333333333,0,1.0,0.0
0.0,0,0,0.0
0.0,0,0,0.0
0.0,0,0,0.0
0.6666666666666666,0,2.5,0.0
0.6666666666666666,0,1.5,0.0
1.0,0,2.3333333333333335,0.0
0.0,0.32142857142857145,0,0.0
0.0,0,0,0.0
0.6666666666666666,0,3.0,0.0
0.6666666666666666,0,4.5,0.0
0.6666666666666666,0,1.0,0.0
0.6666666666666666,0,3.5,0.0
0.6666666666666666,0,2.5,0.0
0.3333333333333333,0,1.0,0.0
0.0,0,0,0.0
0.6666666666666666,0,4.0,0.0
0.6666666666666666,0,4.5,0.0
0.3333333333333333,0,2.0,0.0
1.0,0,2.6666666666666665,0.0
0.6666666666666666,0,2.5,0.0
0.6666666666666666,0.10714285724950397,1.0,0.014285714299933862
0.3333333333333333,0,5.0,0.0
0.6666666666666666,0,4.0,0.0
0.3333333333333333,0,3.0,0.0
0.3333333333333333,0,4.0,0.0
1.0,0.035714285806051585,3.3333333333333335,0.02380952387070106
0.3333333333333333,0,1.0,0.0
0.3333333333333333,0,2.0,0.0
0.3333333333333333,0,3.0,0.0
0.6666666666666666,0,4.0,0.0
0.0,0.7857142856361607,0,0.0
0.6666666666666666,0,4.0,0.0
0.5,0,2.0,0.0
1.0,0,3.5,0.0
0.5,0,1.0,0.0
0.5,1.0,4.0,0.4
0.5,0,2.0,0.0
0.0,0,0,0.0
0.5,0.157894737228923,5.0,0.0789473686144615
0.0,0.47368421052631576,0,0.0
1.0,0.7368421056414474,4.0,0.589473684513158
0.0,0,0,0.0
0.0,0,0,0.0
0.0,0,0,0.0
0.5,0.4210526319420078,4.0,0.16842105277680314
0.5,0,2.0,0.0
0.5,0.7894736842105263,2.0,0.15789473684210528
1.0,0,3.0,0.0
1.0,0,5.0,0.0
0.5,0,1.0,0.0
0.0,0,0,0.0
0.0,0,0,0.0
0.0,0,0,0.0
0.5,0,4.0,0.0
1.0,0,1.5,0.0
0.5,0,4.0,0.0
0.0,0.26315789442495124,0,0.0
0.5,0,5.0,0.0
0.0,0,0,0.0
1.0,0,3.5,0.0
1.0,0,3.0,0.0
1.0,0,3.0,0.0
0.5,0.4736842107242934,3.0,0.142105263217288
0.5,0,2.0,0.0
0.5,0,1.0,0.0
0.0,0,0,0.0
1.0,0,3.5,0.0
0.0,0,0,0.0
0.5,0.5789473685910088,4.0,0.23157894743640353
0.5,0,2.0,0.0
0.5,0.7368421052631579,4.0,0.29473684210526313
0.0,0,0,0.0
0.0,0,0,0.0
0.5,0,5.0,0.0
0.0,0,0,0.0
0.5,0.7368421054014377,4.0,0.2947368421605751
0.5,0,2.0,0.0
1.0,0,3.5,0.0
0.0,0,0,0.0
0.5,0,1.0,0.0
0.0,0,0,0.0
0.5,0,3.0,0.0
0.6666666666666666,0.11111111569187243,2.5,0.03703703856395747
1.0,0.3333333333333333,4.333333333333333,0.28888888888888886
0.6666666666666666,0,4.0,0.0
0.3333333333333333,0,1.0,0.0
0.3333333333333333,0,2.0,0.0
0.0,0,0,0.0
0.6666666666666666,1.0,4.0,0.5333333333333333
0.3333333333333333,0,4.0,0.0
1.0,0,4.666666666666667,0.0
0.3333333333333333,0,1.0,0.0
0.0,0,0,0.0
0.3333333333333333,0,3.0,0.0
0.6666666666666666,0.999999999227109,4.5,0.5999999995362654
0.0,0,0,0.0
0.6666666666666666,0,1.0,0.0
0.3333333333333333,0,1.0,0.0
0.6666666666666666,0,3.0,0.0
0.6666666666666666,0,3.0,0.0
0.0,0,0,0.0
0.3333333333333333,0,3.0,0.0
0.3333333333333333,0,1.0,0.0
0.6666666666666666,0,1.0,0.0
0.6666666666666666,0,1.5,0.0
0.0,0,0,0.0
0.3333333333333333,0,4.0,0.0
0.6666666666666666,0,3.5,0.0
0.0,0.4444444444444444,0,0.0
1.0,0,2.6666666666666665,0.0
0.6666666666666666,0,4.0,0.0
0.6666666666666666,0,2.0,0.0
0.6666666666666666,0,1.5,0.0
0.6666666666666666,0,3.0,0.0
1.0,0,3.3333333333333335,0.0
0.0,0,0,0.0
0.6666666666666666,0,2.5,0.0
0.3333333333333333,0,2.0,0.0
0.6666666666666666,0.5555555551903292,4.5,0.3333333331141975
0.3333333333333333,0,3.0,0.0
1.0,0,4.333333333333333,0.0
0.0,0,0,0.0
0.6666666666666666,0,3.5,0.0
1.0,0,3.6666666666666665,0.0
0.0,0,0,0.0
0.3333333333333333,0,4.0,0.0
0.3333333333333333,0,2.0,0.0
0.6666666666666666,0,5.0,0.0
0.6666666666666666,0,2.5,0.0
0.3333333333333333,0,1.0,0.0
0.0,0,0,0.0
0.0,0,0,0.0
0.6666666666666666,0,2.5,0.0
0.6666666666666666,0,3.0,0.0
0.6666666666666666,0,2.5,0.0
0.3333333333333333,0,4.0,0.0
0.3333333333333333,0,2.0,0.0
0.3333333333333333,0,2.0,0.0
0.3333333333333333,0,3.0,0.0
0.3333333333333333,0,4.0,0.0
1.0,0,4.0,0.0
0.3333333333333333,0,1.0,0.0
0.3333333333333333,0,5.0,0.0
0.3333333333333333,0,3.0,0.0
0.3333333333333333,0,5.0,0.0
0.6666666666666666,0,2.5,0.0
1.0,0,2.6666666666666665,0.0
0.6666666666666666,0,3.0,0.0
1.0,0,3.6666666666666665,0.0
0.3333333333333333,0,1.0,0.0
0.0,0,0,0.0
0.0,0,0,0.0
0.0,0,0,0.0
1.0,0,2.0,0.0
1.0,0,1.3333333333333333,0.0
0.6666666666666666,0,2.5,0.0
0.3333333333333333,0,4.0,0.0
0.3333333333333333,0,2.0,0.0
0.3333333333333333,0,2.0,0.0
1.0,0,3.3333333333333335,0.0
0.6666666666666666,0,2.0,0.0
1.0,0,2.6666666666666665,0.0
1.0,0,2.3333333333333335,0.0
0.6666666666666666,0,2.5,0.0
0.3333333333333333,0,4.0,0.0
0.3333333333333333,0,3.0,0.0
0.6666666666666666,0,4.5,0.0
0.3333333333333333,0,2.0,0.0
1.0,0,3.0,0.0
0.6666666666666666,0,2.5,0.0
0.6666666666666666,0,3.0,0.0
0.3333333333333333,0,5.0,0.0
0.6666666666666666,0,4.5,0.0
0.6666666666666666,0,3.0,0.0
0.0,0,0,0.0
0.6666666666666666,0,2.5,0.0
0.3333333333333333,0,1.0,0.0
0.6666666666666666,0,3.5,0.0
0.3333333333333333,0,1.0,0.0
0.3333333333333333,0,5.0,0.0
0.0,0,0,0.0
0.6666666666666666,0,4.0,0.0
0.5,0,2.0,0.0
0.5,0,5.0,0.0
0.0,0,0,0.0
0.5,0,2.0,0.0
1.0,0.428571427473545,3.0,0.257142856484127
0.0,0,0,0.0
1.0,0,4.5,0.0
0.0,0,0,0.0
0.5,0,5.0,0.0
0.0,0,0,0.0
0.0,0,0,0.0
0.0,0,0,0.0
0.5,0,4.0,0.0
0.5,0,5.0,0.0
0.0,0,0,0.0
1.0,0,2.0,0.0
1.0,0.4285714276140873,3.5,0.2999999993298611
0.5,0,1.0,0.0
0.0,0,0,0.0
0.0,0,0,0.0
0.0,0,0,0.0
0.0,0,0,0.0
0.5,0,2.0,0.0
0.5,0,2.0,0.0
0.0,0,0,0.0
0.5,0,5.0,0.0
0.5,0,4.0,0.0
0.5,0,3.0,0.0
1.0,0,3.0,0.0
0.5,0,3.0,0.0
0.0,0,0,0.0
0.5,0,2.0,0.0
0.5,0,1.0,0.0
0.5,0,5.0,0.0
0.5,0,2.0,0.0
0.0,0,0,0.0
0.5,0,3.0,0.0
0.5,0,3.0,0.0
1.0,0,2.5,0.0
0.0,0,0,0.0
0.5,0,3.0,0.0
0.5,4.232804232804233e-10,5.0,2.1164021164021164e-10
0.5,0,4.0,0.0
0.5,0,5.0,0.0
0.5,0,2.0,0.0
0.5,0,5.0,0.0
0.5,0,3.0,0.0
1.0,0,2.0,0.0
0.0,0,0,0.0
0.0,0.2857142853786376,0,0.0
0.3333333333333333,0,2.0,0.0
1.0,0,2.3333333333333335,0.0
0.6666666666666666,7.207491582491582e-10,2.5,2.4024971941638604e-10
1.0,0,2.6666666666666665,0.0
0.0,0,0,0.0
0.3333333333333333,0,4.0,0.0
0.3333333333333333,0,2.0,0.0
0.3333333333333333,0,1.0,0.0
0.6666666666666666,0,4.0,0.0
0.3333333333333333,0,2.0,0.0
0.0,0,0,0.0
0.3333333333333333,0,2.0,0.0
0.0,0,0,0.0
0.6666666666666666,0,2.5,0.0
0.6666666666666666,0,1.5,0.0
0.6666666666666666,0,5.0,0.0
0.3333333333333333,0,5.0,0.0
0.6666666666666666,0,4.0,0.0
0.3333333333333333,0,1.0,0.0
0.6666666666666666,0,3.0,0.0
0.3333333333333333,0,1.0,0.0
1.0,0,2.6666666666666665,0.0
0.6666666666666666,0,3.0,0.0
0.6666666666666666,0,3.0,0.0
0.0,0,0,0.0
0.3333333333333333,0,4.0,0.0
0.0,0,0,0.0
0.6666666666666666,0,4.0,0.0
0.6666666666666666,0,2.0,0.0
0.3333333333333333,0,3.0,0.0
1.0,0,2.3333333333333335,0.0
0.0,0,0,0.0
0.6666666666666666,0,4.5,0.0
0.0,0.36363636397622057,0,0.0
1.0,0,3.3333333333333335,0.0
0.6666666666666666,0,1.5,0.0
0.6666666666666666,0,4.5,0.0
0.6666666666666666,0,2.5,0.0
0.3333333333333333,0,4.0,0.0
0.3333333333333333,1.0,2.0,0.13333333333333333
0.3333333333333333,0,3.0,0.0
0.6666666666666666,0,4.0,0.0
0.0,0,0,0.0
1.0,0,4.333333333333333,0.0
0.0,0,0,0.0
0.6666666666666666,0,3.0,0.0
0.6666666666666666,0.09090909090909091,4.0,0.048484848484848485
0.3333333333333333,0,2.0,0.0
0.3333333333333333,0,3.0,0.0
0.3333333333333333,0,3.0,0.0
1.0,0,2.0,0.0
1.0,0,1.0,0.0
0.0,0,0,0.0
1.0,0,3.0,0.0
0.0,0,0,0.0
1.0,0,4.0,0.0
1.0,0,2.0,0.0
1.0,0,1.0,0.0
0.0,0,0,0.0
1.0,0,2.0,0.0
0.0,0,0,0.0
1.0,0,2.0,0.0
0.0,0,0,0.0
1.0,0,3.0,0.0
0.0,0,0,0.0
1.0,0,5.0,0.0
0.0,0,0,0.0
1.0,0,3.0,0.0
1.0,0,1.0,0.0
1.0,0.14285714191137566,3.0,0.0857142851468254
0.0,0,0,0.0
1.0,0,3.0,0.0
1.0,0,5.0,0.0
1.0,0,2.0,0.0
0.0,0,0,0.0
1.0,0,4.0,0.0
0.0,0,0,0.0
0.0,0,0,0.0
1.0,0,3.0,0.0
0.0,0,0,0.0
1.0,0,3.0,0.0
0.0,0,0,0.0
1.0,0,4.0,0.0
0.0,0,0,0.0
1.0,0,2.0,0.0
1.0,0,1.0,0.0
0.0,0,0,0.0
1.0,0,3.0,0.0
0.0,0,0,0.0
1.0,0,2.0,0.0
0.0,0,0,0.0
1.0,0,5.0,0.0
0.0,0,0,0.0
1.0,0,5.0,0.0
0.0,0,0,0.0
1.0,0,4.0,0.0
1.0,0,4.0,0.0
1.0,0,2.0,0.0
1.0,0,3.0,0.0
0.0,0,0,0.0
1.0,0,2.5,0.0
0.5,0,4.0,0.0
0.5,0,4.0,0.0
0.0,0,0,0.0
0.5,0,2.0,0.0
0.5,0,2.0,0.0
0.5,0,3.0,0.0
0.5,0,4.0,0.0
1.0,0,4.5,0.0
0.5,0,1.0,0.0
0.5,0,5.0,0.0
0.5,0,3.0,0.0
0.5,0,5.0,0.0
0.5,0,3.0,0.0
1.0,0,3.0,0.0
0.5,0,1.0,0.0
1.0,0,3.0,0.0
0.5,0,1.0,0.0
0.0,0,0,0.0
0.0,0,0,0.0
0.0,0,0,0.0
1.0,0,1.0,0.0
1.0,0,1.5,0.0
0.5,0,1.0,0.0
0.5,0,4.0,0.0
0.5,0,2.0,0.0
0.5,0,2.0,0.0
1.0,0,3.0,0.0
0.5,0,3.0,0.0
1.0,0,2.5,0.0
1.0,0,2.0,0.0
1.0,0,2.5,0.0
0.5,0,4.0,0.0
0.5,0,3.0,0.0
0.5,0,4.0,0.0
0.5,0,2.0,0.0
1.0,0,2.5,0.0
0.5,0,3.0,0.0
1.0,0,3.0,0.0
0.5,0,5.0,0.0
1.0,0,4.5,0.0
1.0,0,3.0,0.0
0.0,0,0,0.0
0.5,0,1.0,0.0
0.5,0.49999999854166666,1.0,0.04999999985416667
0.5,0,5.0,0.0
0.5,0,1.0,0.0
0.5,0,5.0,0.0
0.0,0,0,0.0
0.5,0,5.0,0.0
0.3333333333333333,0,2.0,0.0
0.6666666666666666,0,3.5,0.0
0.3333333333333333,0,1.0,0.0
0.6666666666666666,0,3.0,0.0
0.6666666666666666,0,3.0,0.0
0.0,0,0,0.0
0.6666666666666666,0,4.5,0.0
0.0,0,0,0.0
0.6666666666666666,0,4.0,0.0
0.0,0.1666666669796489,0,0.0
0.0,0,0,0.0
0.0,0,0,0.0
0.3333333333333333,0,4.0,0.0
0.6666666666666666,0,3.5,0.0
0.3333333333333333,0,2.0,0.0
1.0,0,3.0,0.0
1.0,0,4.0,0.0
0.3333333333333333,0,1.0,0.0
0.0,0,0,0.0
0.0,0,0,0.0
0.0,0,0,0.0
0.3333333333333333,0,4.0,0.0
0.6666666666666666,0,1.5,0.0
0.6666666666666666,0,3.0,0.0
0.0,0,0,0.0
0.3333333333333333,0,5.0,0.0
0.3333333333333333,0,4.0,0.0
0.6666666666666666,0,3.5,0.0
1.0,0.16666666666666666,2.3333333333333335,0.07777777777777778
0.6666666666666666,0,3.0,0.0
0.3333333333333333,0,3.0,0.0
0.3333333333333333,0,2.0,0.0
0.3333333333333333,0,1.0,0.0
0.3333333333333333,0,5.0,0.0
0.6666666666666666,0,3.5,0.0
0.0,0,0,0.0
0.6666666666666666,0,3.5,0.0
0.6666666666666666,0,2.5,0.0
0.6666666666666666,0,2.5,0.0
0.0,0,0,0.0
0.3333333333333333,0.75,3.0,0.15
0.3333333333333333,0,5.0,0.0
0.3333333333333333,0,4.0,0.0
0.6666666666666666,0,4.5,0.0
0.3333333333333333,0.08333333320987654,2.0,0.011111111094650206
0.6666666666666666,0,3.5,0.0
0.3333333333333333,0,3.0,0.0
0.6666666666666666,0,2.0,0.0
0.0,0,0,0.0
0.3333333333333333,0,3.0,0.0
0.6666666666666666,0,2.5,0.0
0.6666666666666666,0,4.5,0.0
0.3333333333333333,0,4.0,0.0
0.3333333333333333,0.037037037335390946,2.0,0.004938271644718792
0.6666666666666666,0,3.0,0.0
0.0,0,0,0.0
1.0,0,4.0,0.0
0.3333333333333333,0,4.0,0.0
0.6666666666666666,0,4.5,0.0
0.3333333333333333,0,1.0,0.0
0.0,0,0,0.0
0.3333333333333333,0,3.0,0.0
0.6666666666666666,0,4.5,0.0
0.3333333333333333,0,5.0,0.0
0.3333333333333333,0,1.0,0.0
0.6666666666666666,0,2.0,0.0
1.0,0,2.6666666666666665,0.0
0.3333333333333333,0,1.0,0.0
0.0,0,0,0.0
0.0,0,0,0.0
0.0,0,0,0.0
0.3333333333333333,0,1.0,0.0
0.6666666666666666,0,1.5,0.0
0.3333333333333333,0,2.0,0.0
0.3333333333333333,0.03703703727366255,4.0,0.009876543272976681
0.6666666666666666,0,3.5,0.0
0.3333333333333333,0,4.0,0.0
0.6666666666666666,0,2.0,0.0
1.0,0,3.0,0.0
0.6666666666666666,0,2.0,0.0
0.3333333333333333,0,2.0,0.0
0.6666666666666666,0,3.0,0.0
0.6666666666666666,0,2.5,0.0
0.3333333333333333,0,5.0,0.0
0.3333333333333333,0,2.0,0.0
0.0,0,0,0.0
0.6666666666666666,0,3.5,0.0
0.6666666666666666,0,3.0,0.0
1.0,0,3.3333333333333335,0.0
0.0,0,0,0.0
0.6666666666666666,0,3.5,0.0
0.6666666666666666,0,4.0,0.0
0.3333333333333333,0,4.0,0.0
0.3333333333333333,0,5.0,0.0
0.3333333333333333,0,2.0,0.0
0.6666666666666666,0,5.0,0.0
0.6666666666666666,0,2.0,0.0
0.6666666666666666,0,2.0,0.0
0.0,0.7037037038040123,0,0.0
0.0,0,0,0.0
0.3333333333333333,0,3.0,0.0
0.6666666666666666,0,4.0,0.0
0.6666666666666666,0,4.0,0.0
0.6666666666666666,0,1.5,0.0
0.3333333333333333,0,4.0,0.0
0.0,0,0,0.0
0.6666666666666666,0,3.5,0.0
0.3333333333333333,0,4.0,0.0
0.6666666666666666,0,4.5,0.0
0.3333333333333333,0,1.0,0.0
0.0,0,0,0.0
0.3333333333333333,0,3.0,0.0
0.3333333333333333,0,5.0,0.0
0.3333333333333333,0,5.0,0.0
0.6666666666666666,0,1.0,0.0
0.3333333333333333,0,3.0,0.0
0.6666666666666666,0,1.5,0.0
0.3333333333333333,4.0985838779956426e-10,5.0,1.3661946259985474e-10
0.0,0,0,0.0
0.3333333333333333,0,3.0,0.0
0.3333333333333333,0,1.0,0.0
0.6666666666666666,0.6470588239229302,1.0,0.0862745098563907
0.3333333333333333,0,1.0,0.0
0.3333333333333333,0,2.0,0.0
0.3333333333333333,0,4.0,0.0
0.3333333333333333,0,2.0,0.0
0.3333333333333333,0,4.0,0.0
0.6666666666666666,0,2.5,0.0
0.6666666666666666,0,2.0,0.0
0.3333333333333333,0,1.0,0.0
0.6666666666666666,0,1.5,0.0
0.3333333333333333,0,4.0,0.0
0.6666666666666666,0,4.5,0.0
0.3333333333333333,0,5.0,0.0
0.3333333333333333,0,3.0,0.0
0.3333333333333333,0,2.0,0.0
1.0,0,4.0,0.0
0.6666666666666666,0,3.0,0.0
1.0,0,3.3333333333333335,0.0
0.0,0,0,0.0
1.0,0,3.3333333333333335,0.0
0.6666666666666666,0,3.0,0.0
0.3333333333333333,0,4.0,0.0
0.6666666666666666,0,4.5,0.0
0.0,0,0,0.0
0.3333333333333333,0,5.0,0.0
1.0,0,2.6666666666666665,0.0
0.3333333333333333,0,3.0,0.0
0.0,0,0,0.0
0.0,0,0,0.0
1.0,0,2.0,0.0
1.0,0,1.0,0.0
0.0,0,0,0.0
1.0,0,3.0,0.0
0.0,0,0,0.0
1.0,0,4.0,0.0
1.0,0,2.0,0.0
1.0,0,1.0,0.0
0.0,0,0,0.0
1.0,0,2.0,0.0
0.0,0,0,0.0
1.0,0,2.0,0.0
0.0,0,0,0.0
1.0,0,3.0,0.0
0.0,0,0,0.0
1.0,0,5.0,0.0
0.0,0,0,0.0
1.0,0,3.0,0.0
1.0,0,1.0,0.0
1.0,0,3.0,0.0
0.0,0,0,0.0
1.0,0,3.0,0.0
1.0,0,5.0,0.0
1.0,0.8235294121500544,2.0,0.32941176486002177
0.0,0,0,0.0
1.0,0,4.0,0.0
0.0,0,0,0.0
0.0,0,0,0.0
1.0,0,3.0,0.0
0.0,0,0,0.0
1.0,0,3.0,0.0
0.0,0,0,0.0
1.0,0,4.0,0.0
0.0,0,0,0.0
1.0,0.5294117644716776,2.0,0.21176470578867104
1.0,0,1.0,0.0
0.0,0,0,0.0
1.0,0,3.0,0.0
0.0,0,0,0.0
1.0,0,2.0,0.0
0.0,0,0,0.0
1.0,0,5.0,0.0
0.0,0,0,0.0
1.0,0,5.0,0.0
0.0,0,0,0.0
1.0,0,4.0,0.0
1.0,0,4.0,0.0
1.0,0,2.0,0.0
1.0,0,3.0,0.0
0.0,0,0,0.0
0.5,0,2.0,0.0
0.5,0,2.0,0.0
0.5,1.0,1.0,0.1
0.5,0,4.0,0.0
0.5,0,2.0,0.0
0.5,0,2.0,0.0
0.0,0,0,0.0
0.0,0,0,0.0
1.0,0,4.0,0.0
0.0,0,0,0.0
0.5,0,5.0,0.0
0.0,0,0,0.0
0.0,0,0,0.0
1.0,0,2.5,0.0
1.0,0,3.5,0.0
1.0,0,3.0,0.0
1.0,0,5.0,0.0
0.5,0,1.0,0.0
0.0,0,0,0.0
0.0,0,0,0.0
0.0,0,0,0.0
1.0,0,2.5,0.0
1.0,0,1.5,0.0
1.0,0,2.5,0.0
0.0,0,0,0.0
0.0,0,0,0.0
0.5,0,2.0,0.0
1.0,0,4.5,0.0
0.5,0,1.0,0.0
1.0,0,3.5,0.0
1.0,0,2.5,0.0
0.5,0,1.0,0.0
0.0,0,0,0.0
0.5,1.0,3.0,0.3
1.0,0,4.5,0.0
0.5,0,2.0,0.0
1.0,0,2.5,0.0
0.5,0,2.0,0.0
0.5,0,1.0,0.0
0.5,1.0,5.0,0.5
0.5,0,5.0,0.0
0.5,0,3.0,0.0
0.0,0,0,0.0
1.0,0,2.5,0.0
0.5,0,1.0,0.0
0.5,0,2.0,0.0
0.0,0,0,0.0
0.5,0,5.0,0.0
0.0,0,0,0.0
1.0,0,4.0,0.0
0.0,0,0,0.0
1.0,0,2.0,0.0
1.0,0.2916666666666667,1.0,0.05833333333333334
1.0,0,4.0,0.0
0.0,0,0,0.0
0.0,0,0,0.0
0.0,0,0,0.0
0.0,0,0,0.0
1.0,0,3.0,0.0
0.0,0,0,0.0
0.0,0,0,0.0
0.0,0,0,0.0
0.0,0,0,0.0
1.0,0,2.0,0.0
1.0,0,2.0,0.0
1.0,0,5.0,0.0
1.0,0,5.0,0.0
0.0,0,0,0.0
0.0,0,0,0.0
0.0,0,0,0.0
0.0,0,0,0.0
1.0,0,4.0,0.0
1.0,0,1.0,0.0
1.0,0,4.0,0.0
0.0,0,0,0.0
0.0,0,0,0.0
0.0,0,0,0.0
1.0,0,4.0,0.0
1.0,0,1.0,0.0
1.0,0,3.0,0.0
1.0,0,3.0,0.0
0.0,0,0,0.0
0.0,0,0,0.0
0.0,0.8333333335074267,0,0.0
1.0,0,5.0,0.0
0.0,0,0,0.0
1.0,0,4.0,0.0
1.0,0,2.0,0.0
0.0,0,0,0.0
0.0,0.7083333331814236,0,0.0
0.0,0,0,0.0
0.0,0,0,0.0
0.0,0,0,0.0
1.0,0,4.0,0.0
0.0,0,0,0.0
1.0,0,2.0,0.0
0.0,0.041666666666666664,0,0.0
0.0,0.250000000123939,0,0.0
0.0,0,0,0.0
1.0,0,3.0,0.0
0.0,0,0,0.0
1.0,0,2.0,0.0
1.0,0,1.0,0.0
1.0,1.0,4.0,0.8
0.0,0,0,0.0
0.0,0,0,0.0
0.0,0,0,0.0
0.0,0.8000000015995371,0,0.0
1.0,0.20000000158333334,3.0,0.12000000094999999
0.0,0,0,0.0
0.0,0,0,0.0
0.0,0,0,0.0
0.0,0,0,0.0
1.0,0,2.0,0.0
1.0,0.40000000148842596,2.0,0.1600000005953704
1.0,0,5.0,0.0
1.0,0,5.0,0.0
0.0,0,0,0.0
0.0,0,0,0.0
0.0,0,0,0.0
0.0,0,0,0.0
1.0,0,4.0,0.0
1.0,0,1.0,0.0
1.0,0,4.0,0.0
0.0,0.7999999986689814,0,0.0
0.0,0,0,0.0
0.0,0,0,0.0
1.0,0,4.0,0.0
1.0,0,1.0,0.0
1.0,0,3.0,0.0
1.0,0,3.0,0.0
0.0,0,0,0.0
0.0,0,0,0.0
0.0,0,0,0.0
1.0,0,5.0,0.0
0.0,0,0,0.0
1.0,0,4.0,0.0
1.0,0,2.0,0.0
0.0,0.6000000007546297,0,0.0
0.0,0,0,0.0
0.0,0,0,0.0
0.0,0,0,0.0
0.0,0,0,0.0
1.0,0.20000000067129628,4.0,0.16000000053703703
0.0,0,0,0.0
1.0,0,2.0,0.0
0.0,0,0,0.0
0.0,0,0,0.0
0.0,0,0,0.0
1.0,0,3.0,0.0
1.0,0,2.0,0.0
0.5,0,1.0,0.0
0.0,0,0,0.0
0.5,0,3.0,0.0
0.5,0,2.0,0.0
1.0,0.14285714285714285,3.0,0.0857142857142857
0.5,0,2.0,0.0
0.5,0,1.0,0.0
0.5,0,5.0,0.0
0.5,0,2.0,0.0
0.5,0,5.0,0.0
0.5,0,2.0,0.0
0.0,0,0,0.0
1.0,0,3.0,0.0
0.5,0,5.0,0.0
1.0,0,3.0,0.0
0.5,0,5.0,0.0
1.0,0,2.0,0.0
0.5,0,1.0,0.0
0.5,0.2857142867311508,3.0,0.08571428601934523
0.0,0,0,0.0
1.0,0,2.0,0.0
1.0,0,3.5,0.0
1.0,0,1.5,0.0
0.0,0,0,0.0
0.5,0,4.0,0.0
0.5,0,2.0,0.0
0.5,0,5.0,0.0
0.5,0,3.0,0.0
0.5,0,4.0,0.0
1.0,0,2.5,0.0
0.5,0,1.0,0.0
0.5,0.8571428571428571,4.0,0.34285714285714286
0.5,0,3.0,0.0
1.0,0,3.0,0.0
1.0,0,1.5,0.0
0.5,0,1.0,0.0
0.5,0,3.0,0.0
0.5,0,1.0,0.0
1.0,0,3.5,0.0
0.5,0,5.0,0.0
1.0,0,4.0,0.0
0.0,0,0,0.0
1.0,0,3.0,0.0
0.5,0,1.0,0.0
0.5,0,4.0,0.0
0.5,0,4.0,0.0
1.0,0,3.5,0.0
0.5,0,3.0,0.0
0.5,0,5.0,0.0
1.0,0,3.0,0.0
1.0,0,4.0,0.0
1.0,0,4.0,0.0
0.0,0,0,0.0
0.0,0,0,0.0
0.0,0,0,0.0
1.0,0,3.0,0.0
1.0,0,4.0,0.0
1.0,0,4.0,0.0
1.0,1.0,1.0,0.2
0.0,0,0,0.0
1.0,0,3.0,0.0
1.0,0,5.0,0.0
0.0,0,0,0.0
1.0,0,1.0,0.0
0.0,0,0,0.0
1.0,0,1.0,0.0
0.0,0,0,0.0
0.0,0,0,0.0
0.0,0,0,0.0
0.0,0,0,0.0
1.0,0,1.0,0.0
1.0,0,1.0,0.0
0.0,0,0,0.0
1.0,0,4.0,0.0
1.0,0,2.0,0.0
0.0,0,0,0.0
1.0,0,1.0,0.0
1.0,0,3.0,0.0
1.0,0,1.0,0.0
1.0,0,2.0,0.0
1.0,0,4.0,0.0
1.0,0,4.0,0.0
0.0,0,0,0.0
0.0,0,0,0.0
0.0,0.6666666680787037,0,0.0
1.0,0,4.0,0.0
1.0,0,3.0,0.0
1.0,0,5.0,0.0
0.0,0,0,0.0
1.0,0,4.0,0.0
1.0,0,3.0,0.0
0.0,0,0,0.0
0.0,0,0,0.0
0.0,0,0,0.0
1.0,0,5.0,0.0
1.0,0,1.0,0.0
0.0,0,0,0.0
0.0,0,0,0.0
0.0,0,0,0.0
0.0,0,0,0.0
0.0,0,0,0.0
0.0,0,0,0.0
1.0,0,2.0,0.0
1.0,0,4.0,0.0
0.0,0,0,0.0
1.0,0,4.0,0.0
0.0,0,0,0.0
0.0,0,0,0.0
0.0,0,0,0.0
0.0,1.0,0,0.0
0.0,0,0,0.0
0.0,0,0,0.0
1.0,0,5.0,0.0
0.0,0,0,0.0
1.0,0.24999999810763887,3.0,0.14999999886458332
1.0,0,2.0,0.0
0.0,0,0,0.0
0.0,0,0,0.0
0.0,0,0,0.0
0.0,0,0,0.0
0.0,0,0,0.0
0.0,0.24999999824363428,0,0.0
1.0,0,2.0,0.0
0.0,0,0,0.0
0.0,0,0,0.0
1.0,0,4.0,0.0
0.0,0,0,0.0
1.0,0,1.0,0.0
0.0,0,0,0.0
0.0,0,0,0.0
0.0,0.7499999988425926,0,0.0
0.0,0,0,0.0
1.0,0,5.0,0.0
0.0,0,0,0.0
0.0,0,0,0.0
1.0,0,3.0,0.0
1.0,0,3.0,0.0
1.0,0,1.0,0.0
0.0,0,0,0.0
1.0,0,3.0,0.0
0.0,0,0,0.0
1.0,0,4.0,0.0
1.0,0,5.0,0.0
0.0,0,0,0.0
0.0,0,0,0.0
1.0,0,3.0,0.0
1.0,0,3.0,0.0
0.0,0,0,0.0
0.0,0,0,0.0
0.5,0,2.0,0.0
0.5,0,2.0,0.0
0.5,0,1.0,0.0
0.5,0,4.0,0.0
0.5,0,2.0,0.0
0.5,0,2.0,0.0
0.0,0,0,0.0
0.0,0,0,0.0
1.0,0,4.0,0.0
0.0,0,0,0.0
0.5,0,5.0,0.0
0.0,0,0,0.0
0.0,0,0,0.0
1.0,0,2.5,0.0
1.0,0,3.5,0.0
1.0,0,3.0,0.0
1.0,0,5.0,0.0
0.5,0.25000000062114197,1.0,0.025000000062114197
0.0,0,0,0.0
0.0,0,0,0.0
0.0,0,0,0.0
1.0,1.0,2.5,0.5
1.0,0,1.5,0.0
1.0,0,2.5,0.0
0.0,0,0,0.0
0.0,0,0,0.0
0.5,0,2.0,0.0
1.0,0,4.5,0.0
0.5,0,1.0,0.0
1.0,0,3.5,0.0
1.0,0,2.5,0.0
0.5,0,1.0,0.0
0.0,0,0,0.0
0.5,0,3.0,0.0
1.0,0,4.5,0.0
0.5,0,2.0,0.0
1.0,0,2.5,0.0
0.5,0,2.0,0.0
0.5,0,1.0,0.0
0.5,0,5.0,0.0
0.5,0,5.0,0.0
0.5,0,3.0,0.0
0.0,0,0,0.0
1.0,0,2.5,0.0
0.5,0,1.0,0.0
0.5,0,2.0,0.0
0.0,0,0,0.0
0.5,0,5.0,0.0
0.0,0,0,0.0
1.0,0,4.0,0.0
1.0,0,3.0,0.0
1.0,0,4.0,0.0
1.0,0,4.0,0.0
0.0,0,0,0.0
0.0,0,0,0.0
0.0,0,0,0.0
1.0,0,3.0,0.0
1.0,0,4.0,0.0
1.0,0,4.0,0.0
1.0,0.27272727346906567,1.0,0.05454545469381314
0.0,0,0,0.0
1.0,0,3.0,0.0
1.0,0,5.0,0.0
0.0,0,0,0.0
1.0,0,1.0,0.0
0.0,0,0,0.0
1.0,0,1.0,0.0
0.0,0,0,0.0
0.0,0,0,0.0
0.0,0,0,0.0
0.0,0,0,0.0
1.0,0,1.0,0.0
1.0,0,1.0,0.0
0.0,0,0,0.0
1.0,0,4.0,0.0
1.0,0,2.0,0.0
0.0,0,0,0.0
1.0,0,1.0,0.0
1.0,0,3.0,0.0
1.0,0,1.0,0.0
1.0,0,2.0,0.0
1.0,0,4.0,0.0
1.0,0,4.0,0.0
0.0,0,0,0.0
0.0,0,0,0.0
0.0,0,0,0.0
1.0,0,4.0,0.0
1.0,0,3.0,0.0
1.0,0,5.0,0.0
0.0,0,0,0.0
1.0,1.0,4.0,0.8
1.0,0,3.0,0.0
0.0,0,0,0.0
0.0,0,0,0.0
0.0,0,0,0.0
1.0,0,5.0,0.0
1.0,0,1.0,0.0
0.0,0,0,0.0
0.0,0,0,0.0
0.0,0,0,0.0
1.0,0,2.0,0.0
1.0,0,5.0,0.0
0.0,0,0,0.0
0.0,0,0,0.0
1.0,0,2.0,0.0
0.0,0,0,0.0
1.0,0,5.0,0.0
0.0,0,0,0.0
1.0,0,5.0,0.0
0.0,0,0,0.0
0.0,0,0,0.0
0.0,0,0,0.0
1.0,0,4.0,0.0
0.0,0,0,0.0
0.0,0,0,0.0
1.0,0,1.0,0.0
1.0,0,5.0,0.0
1.0,0,1.0,0.0
0.0,0,0,0.0
0.0,0,0,0.0
0.0,0,0,0.0
0.0,0,0,0.0
1.0,0,2.0,0.0
0.0,0,0,0.0
0.0,0,0,0.0
1.0,0,5.0,0.0
0.0,0,0,0.0
1.0,0,3.0,0.0
1.0,0.16666666703960906,5.0,0.16666666703960906
1.0,0,3.0,0.0
0.0,0,0,0.0
1.0,0,2.0,0.0
1.0,0,1.0,0.0
0.0,0,0,0.0
1.0,0,2.0,0.0
0.0,0,0,0.0
0.0,0,0,0.0
0.0,0,0,0.0
1.0,0,4.0,0.0
0.0,0,0,0.0
0.0,0.22222222244405865,0,0.0
1.0,0,5.0,0.0
0.0,0,0,0.0
0.0,0,0,0.0
1.0,0.3888888888888889,2.0,0.15555555555555556
1.0,0,5.0,0.0
0.0,0,0,0.0
1.0,0,1.0,0.0
0.0,0,0,0.0
0.0,0,0,0.0
0.6666666666666666,0,2.0,0.0
0.6666666666666666,0,3.0,0.0
0.0,0,0,0.0
0.6666666666666666,0,2.5,0.0
0.6666666666666666,0,3.0,0.0
0.3333333333333333,0,4.0,0.0
1.0,0,3.6666666666666665,0.0
0.3333333333333333,0,1.0,0.0
0.3333333333333333,0,5.0,0.0
0.3333333333333333,1.0,2.0,0.13333333333333333
0.0,0,0,0.0
0.3333333333333333,0,2.0,0.0
0.3333333333333333,0,4.0,0.0
0.6666666666666666,0,4.0,0.0
0.0,0,0,0.0
1.0,0,3.0,0.0
0.6666666666666666,0,3.5,0.0
0.6666666666666666,0,2.0,0.0
0.3333333333333333,0,1.0,0.0
0.3333333333333333,0,3.0,0.0
0.0,0,0,0.0
0.3333333333333333,0,3.0,0.0
0.6666666666666666,0,3.5,0.0
0.6666666666666666,0,2.0,0.0
0.0,0,0,0.0
0.6666666666666666,0,4.5,0.0
0.3333333333333333,0,4.0,0.0
0.3333333333333333,0,3.0,0.0
1.0,0,3.0,0.0
0.3333333333333333,0,3.0,0.0
0.3333333333333333,0,3.0,0.0
0.3333333333333333,0,2.0,0.0
0.6666666666666666,0,2.5,0.0
0.3333333333333333,0,5.0,0.0
0.6666666666666666,0,2.0,0.0
0.3333333333333333,0.3,1.0,0.02
0.3333333333333333,0,3.0,0.0
0.6666666666666666,0,3.0,0.0
0.6666666666666666,0,2.5,0.0
0.3333333333333333,0,2.0,0.0
0.3333333333333333,0,3.0,0.0
0.6666666666666666,0,5.0,0.0
0.3333333333333333,0,4.0,0.0
0.6666666666666666,0,5.0,0.0
0.3333333333333333,0,2.0,0.0
0.6666666666666666,0,4.5,0.0
0.6666666666666666,0,3.5,0.0
1.0,0,2.0,0.0
0.3333333333333333,0,3.0,0.0
0.0,0,0,0.0
0.5,0,2.0,0.0
0.5,0,5.0,0.0
0.0,0,0,0.0
0.5,0.42857142982969576,2.0,0.08571428596593916
1.0,0,3.0,0.0
0.0,0,0,0.0
1.0,0,4.5,0.0
0.0,0,0,0.0
0.5,0,5.0,0.0
0.0,0,0,0.0
0.0,0,0,0.0
0.0,0,0,0.0
0.5,0,4.0,0.0
0.5,0,5.0,0.0
0.0,0,0,0.0
1.0,0,2.0,0.0
1.0,0,3.5,0.0
0.5,0,1.0,0.0
0.0,0,0,0.0
0.0,0,0,0.0
0.0,0,0,0.0
0.0,0,0,0.0
0.5,0,2.0,0.0
0.5,0,2.0,0.0
0.0,0.42857142959160055,0,0.0
0.5,0,5.0,0.0
0.5,0,4.0,0.0
0.5,0,3.0,0.0
1.0,0,3.0,0.0
0.5,0,3.0,0.0
0.0,0,0,0.0
0.5,0,2.0,0.0
0.5,0,1.0,0.0
0.5,0,5.0,0.0
0.5,0,2.0,0.0
0.0,0,0,0.0
0.5,0,3.0,0.0
0.5,0,3.0,0.0
1.0,0,2.5,0.0
0.0,0,0,0.0
0.5,0,3.0,0.0
0.5,0,5.0,0.0
0.5,0,4.0,0.0
0.5,0,5.0,0.0
0.5,0,2.0,0.0
0.5,0,5.0,0.0
0.5,0,3.0,0.0
1.0,0,2.0,0.0
0.0,1.0,0,0.0
0.0,0,0,0.0
1.0,0,2.3333333333333335,0.0
1.0,0,3.3333333333333335,0.0
0.3333333333333333,0,4.0,0.0
0.3333333333333333,0,3.0,0.0
0.3333333333333333,0,2.0,0.0
0.3333333333333333,0,4.0,0.0
1.0,0,3.3333333333333335,0.0
0.6666666666666666,0,2.5,0.0
0.6666666666666666,0,4.5,0.0
0.6666666666666666,0,1.5,0.0
0.0,0,0,0.0
0.6666666666666666,0,2.5,0.0
0.6666666666666666,0,4.5,0.0
0.3333333333333333,0,3.0,0.0
0.3333333333333333,0,1.0,0.0
0.6666666666666666,0,3.0,0.0
0.6666666666666666,0,3.0,0.0
0.6666666666666666,0,2.0,0.0
0.3333333333333333,0,1.0,0.0
0.3333333333333333,0,3.0,0.0
0.0,0,0,0.0
0.6666666666666666,0,2.0,0.0
1.0,0,2.6666666666666665,0.0
0.3333333333333333,0,2.0,0.0
0.3333333333333333,0,4.0,0.0
1.0,0,3.6666666666666665,0.0
0.0,0,0,0.0
0.6666666666666666,0,2.0,0.0
1.0,0,3.6666666666666665,0.0
0.6666666666666666,0,2.0,0.0
0.6666666666666666,0,2.5,0.0
0.6666666666666666,0,3.0,0.0
1.0,0,3.0,0.0
0.0,0,0,0.0
0.6666666666666666,0,2.0,0.0
0.3333333333333333,0,1.0,0.0
0.3333333333333333,0,4.0,0.0
0.6666666666666666,0,3.0,0.0
0.6666666666666666,0,4.5,0.0
0.3333333333333333,0,2.0,0.0
0.3333333333333333,0,4.0,0.0
1.0,0,4.333333333333333,0.0
0.0,0,0,0.0
0.3333333333333333,0,5.0,0.0
0.3333333333333333,0,2.0,0.0
1.0,0,4.666666666666667,0.0
0.6666666666666666,0,2.5,0.0
0.6666666666666666,0,1.5,0.0
0.3333333333333333,0,3.0,0.0
0.0,0,0,0.0
0.5,0,3.0,0.0
1.0,0,3.0,0.0
1.0,0,2.5,0.0
0.5,0,4.0,0.0
0.0,0,0,0.0
0.0,0,0,0.0
0.5,0,3.0,0.0
0.5,0,4.0,0.0
1.0,0,3.5,0.0
0.5,0.6315789469249513,1.0,0.06315789469249514
0.0,0,0,0.0
0.5,0.5263157899104532,3.0,0.15789473697313597
0.5,0,5.0,0.0
0.5,0,2.0,0.0
1.0,0,1.5,0.0
0.5,0,5.0,0.0
1.0,0,3.0,0.0
0.0,0,0,0.0
0.0,0,0,0.0
0.0,0,0,0.0
0.0,0,0,0.0
1.0,0,2.5,0.0
1.0,0,1.0,0.0
0.5,0,4.0,0.0
0.5,0,4.0,0.0
0.5,0,2.0,0.0
0.0,0,0,0.0
1.0,0,2.5,0.0
1.0,0,2.0,0.0
1.0,0.21052631578947367,2.0,0.08421052631578947
1.0,0,2.5,0.0
0.5,0,4.0,0.0
0.5,0,4.0,0.0
0.0,0,0,0.0
0.5,0,5.0,0.0
0.0,0.10526315764985379,0,0.0
1.0,0,4.0,0.0
1.0,0,2.5,0.0
0.5,0,5.0,0.0
0.0,0,0,0.0
0.5,0,4.0,0.0
0.5,0,3.0,0.0
0.0,0,0,0.0
0.5,0,4.0,0.0
0.0,0,0,0.0
1.0,0,3.5,0.0
0.5,0,1.0,0.0
0.0,0,0,0.0
0.0,0,0,0.0
0.5,0,3.0,0.0
0.6666666666666666,0,2.0,0.0
1.0,0,3.3333333333333335,0.0
0.3333333333333333,0,4.0,0.0
0.6666666666666666,0,2.0,0.0
0.3333333333333333,0,2.0,0.0
0.3333333333333333,0,4.0,0.0
0.6666666666666666,0,3.5,0.0
0.3333333333333333,0,1.0,0.0
0.6666666666666666,0,5.0,0.0
0.3333333333333333,0,2.0,0.0
0.0,0,0,0.0
0.3333333333333333,0,2.0,0.0
0.3333333333333333,0,4.0,0.0
0.3333333333333333,0,3.0,0.0
0.3333333333333333,0,1.0,0.0
0.6666666666666666,0,3.0,0.0
0.3333333333333333,0,5.0,0.0
1.0,0,3.0,0.0
0.3333333333333333,0,1.0,0.0
0.6666666666666666,0,3.0,0.0
0.3333333333333333,0,1.0,0.0
0.6666666666666666,0,2.0,0.0
0.6666666666666666,0,3.5,0.0
0.3333333333333333,0,2.0,0.0
0.0,0,0,0.0
0.6666666666666666,0,4.5,0.0
0.0,0,0,0.0
0.6666666666666666,0,3.5,0.0
0.6666666666666666,0,4.0,0.0
0.3333333333333333,0,3.0,0.0
0.6666666666666666,0,2.0,0.0
0.3333333333333333,0,2.0,0.0
1.0,0,3.3333333333333335,0.0
0.0,0.9999999993894677,0,0.0
1.0,0,2.3333333333333335,0.0
0.6666666666666666,0,1.5,0.0
0.3333333333333333,0,5.0,0.0
0.3333333333333333,0,3.0,0.0
0.6666666666666666,0,4.0,0.0
0.3333333333333333,0,2.0,0.0
0.3333333333333333,0,3.0,0.0
1.0,0,4.333333333333333,0.0
0.0,0,0,0.0
0.6666666666666666,0,4.5,0.0
0.3333333333333333,0,2.0,0.0
0.6666666666666666,0,4.5,0.0
0.6666666666666666,0,4.0,0.0
0.6666666666666666,1.0,1.5,0.19999999999999998
0.3333333333333333,0,3.0,0.0
0.0,0,0,0.0
0.5,0,2.0,0.0
0.5,0,4.0,0.0
0.5,0,4.0,0.0
0.5,0,1.0,0.0
0.5,0,2.0,0.0
0.5,0,2.0,0.0
0.0,0,0,0.0
0.0,0,0,0.0
1.0,0,5.0,0.0
0.0,0,0,0.0
0.5,0,5.0,0.0
0.0,0,0,0.0
0.0,0,0,0.0
0.5,0,3.0,0.0
1.0,0,3.0,0.0
0.5,0,1.0,0.0
0.5,0,5.0,0.0
1.0,0,3.0,0.0
0.0,0,0,0.0
0.5,0,3.0,0.0
0.5,0,1.0,0.0
1.0,0,1.0,0.0
0.5,0,2.0,0.0
0.5,0,1.0,0.0
0.0,0,0,0.0
0.0,0,0,0.0
0.5,0,2.0,0.0
1.0,0,4.5,0.0
0.0,0,0,0.0
0.5,0,4.0,0.0
1.0,0,1.5,0.0
0.5,0,1.0,0.0
0.5,0,5.0,0.0
0.5,0,3.0,0.0
1.0,0,3.5,0.0
1.0,0,2.0,0.0
1.0,0,3.0,0.0
0.0,0,0,0.0
1.0,0,2.5,0.0
0.5,0,5.0,0.0
1.0,0,4.0,0.0
1.0,0,3.0,0.0
0.0,0,0,0.0
1.0,0,2.5,0.0
0.5,0,1.0,0.0
0.0,0,0,0.0
0.5,0,4.0,0.0
0.5,0,5.0,0.0
0.0,0.2941176472753268,0,0.0
0.5,0,5.0,0.0
0.3333333333333333,0,2.0,0.0
0.3333333333333333,0,2.0,0.0
0.3333333333333333,0,1.0,0.0
0.6666666666666666,0,3.0,0.0
0.6666666666666666,0,3.0,0.0
0.3333333333333333,0,2.0,0.0
0.3333333333333333,0,4.0,0.0
0.0,0,0,0.0
0.6666666666666666,0,4.0,0.0
0.0,0,0,0.0
0.3333333333333333,0,5.0,0.0
0.0,0,0,0.0
0.0,0,0,0.0
1.0,0,3.3333333333333335,0.0
0.6666666666666666,0,3.5,0.0
1.0,0,3.0,0.0
1.0,0,4.0,0.0
0.3333333333333333,0,1.0,0.0
0.0,0,0,0.0
0.0,0,0,0.0
0.0,0.18181818111426767,0,0.0
0.6666666666666666,0,2.5,0.0
0.6666666666666666,0,1.5,0.0
1.0,0,2.3333333333333335,0.0
0.0,0,0,0.0
0.0,0,0,0.0
0.6666666666666666,0,3.0,0.0
0.6666666666666666,0,4.5,0.0
0.6666666666666666,0,1.0,0.0
0.6666666666666666,0,3.5,0.0
0.6666666666666666,0,2.5,0.0
0.3333333333333333,0,1.0,0.0
0.0,0,0,0.0
0.6666666666666666,0,4.0,0.0
0.6666666666666666,0,4.5,0.0
0.3333333333333333,0,2.0,0.0
1.0,0,2.6666666666666665,0.0
0.6666666666666666,0,2.5,0.0
0.6666666666666666,0,1.0,0.0
0.3333333333333333,0,5.0,0.0
0.6666666666666666,0,4.0,0.0
0.3333333333333333,0,3.0,0.0
0.3333333333333333,0,4.0,0.0
1.0,0,3.3333333333333335,0.0
0.3333333333333333,0,1.0,0.0
0.3333333333333333,0,2.0,0.0
0.3333333333333333,0,3.0,0.0
0.6666666666666666,0,4.0,0.0
0.0,0,0,0.0
0.6666666666666666,0,4.0,0.0
0.6666666666666666,0,2.5,0.0
0.6666666666666666,0,2.5,0.0
0.3333333333333333,0,4.0,0.0
0.6666666666666666,0,2.5,0.0
0.3333333333333333,0,4.0,0.0
0.3333333333333333,0,4.0,0.0
1.0,0,3.0,0.0
0.6666666666666666,0,2.5,0.0
0.3333333333333333,0,4.0,0.0
0.6666666666666666,0,1.5,0.0
0.0,0,0,0.0
0.6666666666666666,0,2.5,0.0
0.3333333333333333,0,5.0,0.0
0.6666666666666666,0,4.0,0.0
0.3333333333333333,0,1.0,0.0
0.6666666666666666,0,4.0,0.0
0.6666666666666666,0,1.5,0.0
0.3333333333333333,0,3.0,0.0
0.3333333333333333,0,1.0,0.0
0.3333333333333333,0,3.0,0.0
0.0,0,0,0.0
0.6666666666666666,0,2.0,0.0
0.6666666666666666,0,3.0,0.0
0.6666666666666666,0,2.0,0.0
0.3333333333333333,0,4.0,0.0
0.6666666666666666,0,3.0,0.0
0.3333333333333333,0,4.0,0.0
0.3333333333333333,0,1.0,0.0
1.0,0.2222222222222222,2.3333333333333335,0.1037037037037037
0.3333333333333333,0,1.0,0.0
0.6666666666666666,0,2.5,0.0
0.3333333333333333,0,4.0,0.0
0.6666666666666666,0,4.0,0.0
0.3333333333333333,0,5.0,0.0
0.3333333333333333,0,2.0,0.0
0.3333333333333333,0,1.0,0.0
0.6666666666666666,0,3.5,0.0
1.0,0,3.0,0.0
0.6666666666666666,0,3.0,0.0
0.3333333333333333,0,2.0,0.0
0.6666666666666666,0.6111111113580247,3.5,0.2851851853004115
0.6666666666666666,0,4.0,0.0
0.3333333333333333,0,4.0,0.0
0.6666666666666666,0,5.0,0.0
0.0,0.1666666664384002,0,0.0
0.6666666666666666,0,4.5,0.0
1.0,0,2.6666666666666665,0.0
0.6666666666666666,0,2.5,0.0
0.3333333333333333,0,3.0,0.0
0.0,0,0,0.0
0.0,0,0,0.0
1.0,0,4.0,0.0
1.0,0,4.0,0.0
1.0,0,1.0,0.0
0.0,0,0,0.0
0.0,0,0,0.0
0.0,0,0,0.0
0.0,0,0,0.0
1.0,0,5.0,0.0
0.0,0,0,0.0
0.0,0.5333333339097223,0,0.0
0.0,0,0,0.0
0.0,0,0,0.0
0.0,0,0,0.0
1.0,0,1.0,0.0
0.0,0,0,0.0
0.0,0,0,0.0
1.0,0,5.0,0.0
0.0,0,0,0.0
1.0,0,3.0,0.0
1.0,0,1.0,0.0
1.0,0,1.0,0.0
0.0,0.4666666671782408,0,0.0
0.0,0,0,0.0
0.0,0,0,0.0
0.0,0,0,0.0
0.0,0,0,0.0
1.0,0,4.0,0.0
0.0,0,0,0.0
0.0,0,0,0.0
1.0,0,1.0,0.0
0.0,1.0,0,0.0
1.0,0,5.0,0.0
0.0,0,0,0.0
1.0,0,3.0,0.0
1.0,0,2.0,0.0
1.0,0,5.0,0.0
0.0,0,0,0.0
1.0,0,4.0,0.0
0.0,0,0,0.0
1.0,0,3.0,0.0
1.0,0,3.0,0.0
0.0,0,0,0.0
1.0,0,4.0,0.0
0.0,0,0,0.0
0.0,0,0,0.0
1.0,0,4.0,0.0
0.0,0,0,0.0
0.0,0,0,0.0
0.0,0,0,0.0
0.6666666666666666,0,2.5,0.0
0.6666666666666666,0,3.0,0.0
0.6666666666666666,0,2.5,0.0
0.3333333333333333,0,4.0,0.0
0.3333333333333333,0,2.0,0.0
0.3333333333333333,0,2.0,0.0
0.3333333333333333,0,3.0,0.0
0.3333333333333333,0,4.0,0.0
1.0,0,4.0,0.0
0.3333333333333333,0,1.0,0.0
0.3333333333333333,0,5.0,0.0
0.3333333333333333,0,3.0,0.0
0.3333333333333333,0,5.0,0.0
0.6666666666666666,0,2.5,0.0
1.0,0,2.6666666666666665,0.0
0.6666666666666666,0,3.0,0.0
1.0,0,3.6666666666666665,0.0
0.3333333333333333,0,1.0,0.0
0.0,0,0,0.0
0.0,0,0,0.0
0.0,0,0,0.0
1.0,1.0,2.0,0.4
1.0,0,1.3333333333333333,0.0
0.6666666666666666,0,2.5,0.0
0.3333333333333333,0,4.0,0.0
0.3333333333333333,0,2.0,0.0
0.3333333333333333,0,2.0,0.0
1.0,0,3.3333333333333335,0.0
0.6666666666666666,0,2.0,0.0
1.0,0,2.6666666666666665,0.0
1.0,0,2.3333333333333335,0.0
0.6666666666666666,0,2.5,0.0
0.3333333333333333,0,4.0,0.0
0.3333333333333333,0,3.0,0.0
0.6666666666666666,0,4.5,0.0
0.3333333333333333,0,2.0,0.0
1.0,0,3.0,0.0
0.6666666666666666,0,2.5,0.0
0.6666666666666666,0,3.0,0.0
0.3333333333333333,0,5.0,0.0
0.6666666666666666,0,4.5,0.0
0.6666666666666666,0,3.0,0.0
0.0,0,0,0.0
0.6666666666666666,0,2.5,0.0
0.3333333333333333,0,1.0,0.0
0.6666666666666666,0,3.5,0.0
0.3333333333333333,0,1.0,0.0
0.3333333333333333,0,5.0,0.0
0.0,0,0,0.0
0.6666666666666666,0,4.0,0.0
0.0,0,0,0.0
1.0,0,2.0,0.0
1.0,0,1.0,0.0
1.0,1.0,4.0,0.8
0.0,0,0,0.0
0.0,0,0,0.0
0.0,0.12500000056712962,0,0.0
0.0,0.562499999437934,0,0.0
1.0,0.8125000005570023,3.0,0.4875000003342014
0.0,0,0,0.0
0.0,0,0,0.0
0.0,0,0,0.0
0.0,0.4375000005389178,0,0.0
1.0,0,2.0,0.0
1.0,0.8750000005273437,2.0,0.3500000002109375
1.0,0,5.0,0.0
1.0,0,5.0,0.0
0.0,0,0,0.0
0.0,0,0,0.0
0.0,0,0,0.0
0.0,0,0,0.0
1.0,0,4.0,0.0
1.0,0,1.0,0.0
1.0,0,4.0,0.0
0.0,0.18749999952184607,0,0.0
0.0,0,0,0.0
0.0,0,0,0.0
1.0,0,4.0,0.0
1.0,0,1.0,0.0
1.0,0,3.0,0.0
1.0,0.500000000342882,3.0,0.30000000020572914
0.0,0,0,0.0
0.0,0,0,0.0
0.0,0,0,0.0
1.0,0,5.0,0.0
0.0,0,0,0.0
1.0,0.6250000003096065,4.0,0.5000000002476852
1.0,0,2.0,0.0
0.0,0.875,0,0.0
0.0,0,0,0.0
0.0,0,0,0.0
0.0,0,0,0.0
0.0,0,0,0.0
1.0,0.8125000002719908,4.0,0.6500000002175926
0.0,0,0,0.0
1.0,0,2.0,0.0
0.0,0,0,0.0
0.0,0,0,0.0
0.0,0,0,0.0
1.0,0,3.0,0.0
0.5,0,3.0,0.0
0.5,0,4.0,0.0
0.5,0,4.0,0.0
0.5,0,2.0,0.0
0.5,0,4.0,0.0
0.0,0.037037037037037035,0,0.0
1.0,0,3.5,0.0
0.5,0,4.0,0.0
0.5,0,4.0,0.0
0.5,0,1.0,0.0
0.0,0,0,0.0
0.5,0,3.0,0.0
0.5,0,5.0,0.0
0.5,0,5.0,0.0
0.5,0,1.0,0.0
0.5,0,3.0,0.0
1.0,0,1.5,0.0
0.0,0,0,0.0
0.0,0,0,0.0
0.0,0.074074074373714,0,0.0
0.0,0,0,0.0
0.5,0,1.0,0.0
0.5,0,1.0,0.0
0.5,0,2.0,0.0
0.5,0,4.0,0.0
0.5,0,2.0,0.0
0.5,0,4.0,0.0
0.5,0,1.0,0.0
1.0,0,2.0,0.0
0.5,0,1.0,0.0
0.5,0,2.0,0.0
0.5,0,4.0,0.0
0.5,0.2222222222222222,4.0,0.08888888888888889
0.5,0,5.0,0.0
0.0,0,0,0.0
0.0,0,0,0.0
1.0,0,3.5,0.0
1.0,0,3.0,0.0
1.0,0,3.0,0.0
0.0,0,0,0.0
1.0,0,3.5,0.0
0.5,0,3.0,0.0
0.5,0,4.0,0.0
0.5,0,5.0,0.0
0.0,0,0,0.0
0.5,0,5.0,0.0
1.0,0,2.0,0.0
0.5,0,3.0,0.0
0.0,0,0,0.0
0.0,0,0,0.0
0.5,0,3.0,0.0
1.0,0,3.0,0.0
1.0,0,2.5,0.0
0.5,0,4.0,0.0
0.0,0,0,0.0
0.0,0,0,0.0
0.5,0,3.0,0.0
0.5,0,4.0,0.0
1.0,0,3.5,0.0
0.5,0,1.0,0.0
0.0,0,0,0.0
0.5,0,3.0,0.0
0.5,0,5.0,0.0
0.5,0,2.0,0.0
1.0,0,1.5,0.0
0.5,0,5.0,0.0
1.0,0,3.0,0.0
0.0,0,0,0.0
0.0,0,0,0.0
0.0,0.22222222192043894,0,0.0
0.0,0,0,0.0
1.0,0,2.5,0.0
1.0,0,1.0,0.0
0.5,0,4.0,0.0
0.5,0,4.0,0.0
0.5,0,2.0,0.0
0.0,0,0,0.0
1.0,0,2.5,0.0
1.0,0,2.0,0.0
1.0,0,2.0,0.0
1.0,0,2.5,0.0
0.5,0,4.0,0.0
0.5,0,4.0,0.0
0.0,0.11111111130872771,0,0.0
0.5,0,5.0,0.0
0.0,0,0,0.0
1.0,0,4.0,0.0
1.0,0,2.5,0.0
0.5,0,5.0,0.0
0.0,0.37037037054826816,0,0.0
0.5,0,4.0,0.0
0.5,0,3.0,0.0
0.0,0,0,0.0
0.5,0,4.0,0.0
0.0,0,0,0.0
1.0,0,3.5,0.0
0.5,0.037037037037037035,1.0,0.003703703703703704
0.0,0,0,0.0
0.0,0,0,0.0
0.5,0,3.0,0.0
0.3333333333333333,0,2.0,0.0
0.6666666666666666,0,3.5,0.0
0.3333333333333333,0,1.0,0.0
0.6666666666666666,0,3.0,0.0
0.6666666666666666,0,3.0,0.0
0.0,0,0,0.0
0.6666666666666666,0,4.5,0.0
0.0,0,0,0.0
0.6666666666666666,0,4.0,0.0
0.0,0,0,0.0
0.0,0,0,0.0
0.0,0,0,0.0
0.3333333333333333,0,4.0,0.0
0.6666666666666666,0,3.5,0.0
0.3333333333333333,0,2.0,0.0
1.0,0,3.0,0.0
1.0,0,4.0,0.0
0.3333333333333333,0,1.0,0.0
0.0,0,0,0.0
0.0,0,0,0.0
0.0,0,0,0.0
0.3333333333333333,0,4.0,0.0
0.6666666666666666,0,1.5,0.0
0.6666666666666666,0,3.0,0.0
0.0,0,0,0.0
0.3333333333333333,0,5.0,0.0
0.3333333333333333,0,4.0,0.0
0.6666666666666666,0,3.5,0.0
1.0,0,2.3333333333333335,0.0
0.6666666666666666,0,3.0,0.0
0.3333333333333333,0,3.0,0.0
0.3333333333333333,0,2.0,0.0
0.3333333333333333,0,1.0,0.0
0.3333333333333333,0.3333333331081212,5.0,0.11111111103604039
0.6666666666666666,0.5416666668880208,3.5,0.25277777788107636
0.0,0,0,0.0
0.6666666666666666,0,3.5,0.0
0.6666666666666666,0.12500000020978008,2.5,0.04166666673659336
0.6666666666666666,0,2.5,0.0
0.0,0,0,0.0
0.3333333333333333,0,3.0,0.0
0.3333333333333333,0,5.0,0.0
0.3333333333333333,0,4.0,0.0
0.6666666666666666,0,4.5,0.0
0.3333333333333333,0,2.0,0.0
0.6666666666666666,0,3.5,0.0
0.3333333333333333,0,3.0,0.0
0.6666666666666666,0.9999999998249421,2.0,0.26666666661998456
0.0,0,0,0.0
0.3333333333333333,0,3.0,0.0
1.0,0,3.0,0.0
1.0,0,4.0,0.0
1.0,0,4.0,0.0
0.0,0,0,0.0
0.0,0,0,0.0
0.0,0,0,0.0
1.0,0,3.0,0.0
1.0,0,4.0,0.0
1.0,0,4.0,0.0
1.0,0,1.0,0.0
0.0,0.18750000056278934,0,0.0
1.0,0,3.0,0.0
1.0,0,5.0,0.0
0.0,0,0,0.0
1.0,0,1.0,0.0
0.0,0,0,0.0
1.0,0,1.0,0.0
0.0,0,0,0.0
0.0,0,0,0.0
0.0,0,0,0.0
0.0,0,0,0.0
1.0,0,1.0,0.0
1.0,0.12500000050202545,1.0,0.025000000100405092
0.0,0,0,0.0
1.0,0,4.0,0.0
1.0,0,2.0,0.0
0.0,0,0,0.0
1.0,0,1.0,0.0
1.0,0,3.0,0.0
1.0,0,1.0,0.0
1.0,0,2.0,0.0
1.0,1.0,4.0,0.8
1.0,0,4.0,0.0
0.0,0,0,0.0
0.0,0,0,0.0
0.0,0,0,0.0
1.0,0,4.0,0.0
1.0,0,3.0,0.0
1.0,0,5.0,0.0
0.0,0,0,0.0
1.0,0,4.0,0.0
1.0,0,3.0,0.0
0.0,0,0,0.0
0.0,0,0,0.0
0.0,0,0,0.0
1.0,0,5.0,0.0
1.0,0,1.0,0.0
0.0,0,0,0.0
0.0,0,0,0.0
0.0,0,0,0.0
1.0,0,2.0,0.0
1.0,0,5.0,0.0
0.0,0.7499999975752315,0,0.0
0.0,0,0,0.0
1.0,0,2.0,0.0
0.0,0,0,0.0
1.0,0,5.0,0.0
0.0,0,0,0.0
1.0,0,5.0,0.0
0.0,0,0,0.0
0.0,0,0,0.0
0.0,0,0,0.0
1.0,0,4.0,0.0
0.0,0,0,0.0
0.0,0,0,0.0
1.0,0,1.0,0.0
1.0,0,5.0,0.0
1.0,0,1.0,0.0
0.0,0,0,0.0
0.0,0,0,0.0
0.0,0,0,0.0
0.0,0,0,0.0
1.0,0,2.0,0.0
0.0,0,0,0.0
0.0,0,0,0.0
1.0,0,5.0,0.0
0.0,0,0,0.0
1.0,0,3.0,0.0
1.0,0,5.0,0.0
1.0,0,3.0,0.0
0.0,0,0,0.0
1.0,0,2.0,0.0
1.0,0,1.0,0.0
0.0,1.0,0,0.0
1.0,0,2.0,0.0
0.0,0,0,0.0
0.0,0,0,0.0
0.0,0,0,0.0
1.0,0,4.0,0.0
0.0,1.0,0,0.0
0.0,0,0,0.0
1.0,0,5.0,0.0
0.0,0,0,0.0
0.0,0,0,0.0
1.0,0,2.0,0.0
1.0,0,5.0,0.0
0.0,0,0,0.0
1.0,0,1.0,0.0
0.0,0,0,0.0
0.0,0,0,0.0
1.0,0,2.0,0.0
0.0,0,0,0.0
0.0,0,0,0.0
0.0,0,0,0.0
1.0,0,2.0,0.0
1.0,0,2.0,0.0
0.0,0,0,0.0
0.0,0,0,0.0
1.0,0,5.0,0.0
0.0,0,0,0.0
1.0,0,5.0,0.0
0.0,0,0,0.0
0.0,0,0,0.0
1.0,0,3.0,0.0
1.0,0,5.0,0.0
1.0,0,1.0,0.0
1.0,0,5.0,0.0
1.0,0,1.0,0.0
0.0,0,0,0.0
0.0,0,0,0.0
0.0,0,0,0.0
1.0,0,1.0,0.0
1.0,0,2.0,0.0
1.0,0,1.0,0.0
0.0,0,0,0.0
0.0,0,0,0.0
1.0,0,2.0,0.0
1.0,0,5.0,0.0
0.0,0,0,0.0
1.0,0,4.0,0.0
1.0,0,2.0,0.0
1.0,0,1.0,0.0
0.0,0,0,0.0
1.0,0,3.0,0.0
1.0,0,4.0,0.0
1.0,0,2.0,0.0
1.0,0,1.0,0.0
0.0,0,0,0.0
1.0,0,1.0,0.0
1.0,0,5.0,0.0
1.0,0,5.0,0.0
1.0,0,3.0,0.0
0.0,0,0,0.0
1.0,0,1.0,0.0
1.0,0,1.0,0.0
0.0,0,0,0.0
0.0,0,0,0.0
1.0,0,5.0,0.0
0.0,0,0,0.0
1.0,0,5.0,0.0
0.3333333333333333,0,2.0,0.0
0.6666666666666666,0,3.0,0.0
0.6666666666666666,0,2.5,0.0
0.6666666666666666,0,2.5,0.0
0.3333333333333333,0,2.0,0.0
0.3333333333333333,0.1,2.0,0.013333333333333334
0.0,0,0,0.0
0.0,0,0,0.0
1.0,0,4.333333333333333,0.0
0.0,0,0,0.0
0.3333333333333333,0,5.0,0.0
0.0,0,0,0.0
0.0,0,0,0.0
0.6666666666666666,0,2.5,0.0
1.0,0,2.6666666666666665,0.0
0.6666666666666666,0,3.0,0.0
0.6666666666666666,0,5.0,0.0
0.6666666666666666,0,3.0,0.0
0.0,0,0,0.0
0.3333333333333333,0.6000000008518519,3.0,0.12000000017037037
0.3333333333333333,0,1.0,0.0
1.0,0,2.0,0.0
0.6666666666666666,0,1.5,0.0
0.6666666666666666,0,2.5,0.0
0.0,0,0,0.0
0.0,0,0,0.0
0.3333333333333333,0,2.0,0.0
1.0,0,4.333333333333333,0.0
0.3333333333333333,0,1.0,0.0
0.6666666666666666,0,3.5,0.0
1.0,0,2.0,0.0
0.3333333333333333,0,1.0,0.0
0.3333333333333333,0.5999999994212962,5.0,0.19999999980709873
0.3333333333333333,0,3.0,0.0
1.0,0,4.0,0.0
0.6666666666666666,0,2.0,0.0
1.0,0,3.3333333333333335,0.0
0.3333333333333333,0,2.0,0.0
0.6666666666666666,0,2.5,0.0
0.3333333333333333,0,5.0,0.0
0.6666666666666666,0,4.0,0.0
0.6666666666666666,0,3.0,0.0
0.0,0,0,0.0
1.0,0,3.0,0.0
0.3333333333333333,0,1.0,0.0
0.3333333333333333,0,2.0,0.0
0.3333333333333333,0,4.0,0.0
0.3333333333333333,0,5.0,0.0
0.0,0,0,0.0
0.6666666666666666,0,4.0,0.0
1.0,0,2.0,0.0
0.0,0,0,0.0
0.0,0,0,0.0
0.0,0,0,0.0
1.0,0.7499999975578704,2.0,0.29999999902314817
1.0,0,2.0,0.0
0.0,0,0,0.0
0.0,0,0,0.0
1.0,0,5.0,0.0
0.0,0,0,0.0
1.0,0,5.0,0.0
0.0,0,0,0.0
0.0,0,0,0.0
1.0,0,3.0,0.0
1.0,0,5.0,0.0
1.0,0,1.0,0.0
1.0,0.7499999978038194,5.0,0.7499999978038194
1.0,0,1.0,0.0
0.0,0,0,0.0
0.0,0,0,0.0
0.0,0,0,0.0
1.0,0,1.0,0.0
1.0,0,2.0,0.0
1.0,0,1.0,0.0
0.0,0,0,0.0
0.0,0,0,0.0
1.0,0,2.0,0.0
1.0,0,5.0,0.0
0.0,0,0,0.0
1.0,0,4.0,0.0
1.0,0,2.0,0.0
1.0,0,1.0,0.0
0.0,0,0,0.0
1.0,0,3.0,0.0
1.0,0,4.0,0.0
1.0,0,2.0,0.0
1.0,0,1.0,0.0
0.0,0,0,0.0
1.0,0,1.0,0.0
1.0,0,5.0,0.0
1.0,0,5.0,0.0
1.0,0,3.0,0.0
0.0,0,0,0.0
1.0,0,1.0,0.0
1.0,0,1.0,0.0
0.0,0,0,0.0
0.0,0,0,0.0
1.0,0,5.0,0.0
0.0,0,0,0.0
1.0,0.49999999889178237,5.0,0.49999999889178237
0.0,0,0,0.0
0.0,0,0,0.0
0.0,0,0,0.0
1.0,0,2.0,0.0
1.0,0,4.0,0.0
0.0,0,0,0.0
1.0,0,4.0,0.0
0.0,0,0,0.0
0.0,0,0,0.0
0.0,0,0,0.0
0.0,0,0,0.0
0.0,0,0,0.0
0.0,0,0,0.0
1.0,0,5.0,0.0
0.0,0,0,0.0
1.0,0,3.0,0.0
1.0,0,2.0,0.0
0.0,0,0,0.0
0.0,0,0,0.0
0.0,0,0,0.0
0.0,0,0,0.0
0.0,0,0,0.0
0.0,0,0,0.0
1.0,0,2.0,0.0
0.0,0,0,0.0
0.0,0,0,0.0
1.0,0,4.0,0.0
0.0,0,0,0.0
1.0,0,1.0,0.0
0.0,0,0,0.0
0.0,0,0,0.0
0.0,0,0,0.0
0.0,0,0,0.0
1.0,5.292508417508417e-10,5.0,5.292508417508417e-10
0.0,0,0,0.0
0.0,0,0,0.0
1.0,0,3.0,0.0
1.0,0,3.0,0.0
1.0,0,1.0,0.0
0.0,0.6363636368444865,0,0.0
1.0,0,3.0,0.0
0.0,0,0,0.0
1.0,0,4.0,0.0
1.0,0,5.0,0.0
0.0,0,0,0.0
0.0,0,0,0.0
1.0,4.271885521885522e-10,3.0,2.563131313131313e-10
1.0,0,3.0,0.0
0.0,0,0,0.0
0.0,0,0,0.0
0.5,0,2.0,0.0
0.5,0,2.0,0.0
0.5,0,1.0,0.0
0.5,0,4.0,0.0
0.5,0,2.0,0.0
0.5,0,2.0,0.0
0.0,0,0,0.0
0.0,0,0,0.0
1.0,0,4.0,0.0
0.0,0,0,0.0
0.5,0.6153846153846154,5.0,0.3076923076923077
0.0,0,0,0.0
0.0,0,0,0.0
1.0,0,2.5,0.0
1.0,0,3.5,0.0
1.0,0.038461538461538464,3.0,0.023076923076923078
1.0,0,5.0,0.0
0.5,0,1.0,0.0
0.0,0,0,0.0
0.0,0,0,0.0
0.0,0.26923076956285613,0,0.0
1.0,0,2.5,0.0
1.0,0.34615384615384615,1.5,0.10384615384615384
1.0,0,2.5,0.0
0.0,0,0,0.0
0.0,0,0,0.0
0.5,0,2.0,0.0
1.0,0.19230769230769232,4.5,0.1730769230769231
0.5,0,1.0,0.0
1.0,0,3.5,0.0
1.0,0,2.5,0.0
0.5,0.57692307669026,1.0,0.057692307669026
0.0,0,0,0.0
0.5,0,3.0,0.0
1.0,0,4.5,0.0
0.5,0,2.0,0.0
1.0,0,2.5,0.0
0.5,0,2.0,0.0
0.5,0,1.0,0.0
0.5,0,5.0,0.0
0.5,0,5.0,0.0
0.5,0,3.0,0.0
0.0,0.23076923076923078,0,0.0
1.0,0,2.5,0.0
0.5,0,1.0,0.0
0.5,0,2.0,0.0
0.0,0,0,0.0
0.5,0,5.0,0.0
0.0,0,0,0.0
1.0,0,4.0,0.0
1.0,0,2.5,0.0
1.0,0,2.5,0.0
0.5,0,4.0,0.0
0.5,0,3.0,0.0
0.0,0,0,0.0
0.5,0,4.0,0.0
1.0,0,2.5,0.0
1.0,0,2.5,0.0
0.5,0,4.0,0.0
1.0,0,1.5,0.0
0.0,0,0,0.0
1.0,0,2.5,0.0
0.5,0,5.0,0.0
0.5,0.250000000384838,3.0,0.0750000001154514
0.5,0,1.0,0.0
0.5,0,5.0,0.0
0.5,0,1.0,0.0
0.5,0.5000000003698881,3.0,0.15000000011096642
0.5,0,1.0,0.0
0.5,0,3.0,0.0
0.0,0,0,0.0
1.0,0.9583333336916474,2.0,0.383333333476659
1.0,0,3.0,0.0
0.5,0,2.0,0.0
0.5,0,4.0,0.0
1.0,0,3.0,0.0
0.0,0,0,0.0
0.5,0,1.0,0.0
1.0,0,3.0,0.0
0.5,0,1.0,0.0
1.0,0,2.5,0.0
0.5,0,4.0,0.0
1.0,0,4.0,0.0
0.0,0,0,0.0
0.5,0,2.0,0.0
0.5,0,1.0,0.0
0.5,0,4.0,0.0
1.0,0,3.0,0.0
0.5,0,5.0,0.0
0.5,0,2.0,0.0
0.5,0,4.0,0.0
1.0,0,4.0,0.0
0.0,0,0,0.0
0.5,0,5.0,0.0
0.0,0,0,0.0
1.0,0,4.5,0.0
1.0,0,2.5,0.0
0.5,0,2.0,0.0
0.5,0,3.0,0.0
0.0,0,0,0.0
0.6666666666666666,0.1,2.0,0.02666666666666667
0.6666666666666666,0.1,3.0,0.04
0.0,0,0,0.0
0.6666666666666666,0.06666666633063272,2.5,0.022222222110210903
0.6666666666666666,0.033333333666666666,3.0,0.013333333466666665
0.3333333333333333,0,4.0,0.0
1.0,0.8333333330054012,3.6666666666666665,0.6111111108706275
0.3333333333333333,0,1.0,0.0
0.3333333333333333,0.19999999967746912,5.0,0.06666666655915637
0.3333333333333333,0,2.0,0.0
0.0,0,0,0.0
0.3333333333333333,0,2.0,0.0
0.3333333333333333,0.4999999996871142,4.0,0.13333333324989713
0.6666666666666666,0,4.0,0.0
0.0,0,0,0.0
1.0,0,3.0,0.0
0.6666666666666666,0.2666666669672068,3.5,0.1244444445846965
0.6666666666666666,0,2.0,0.0
0.3333333333333333,0,1.0,0.0
0.3333333333333333,0,3.0,0.0
0.0,0,0,0.0
0.3333333333333333,0,3.0,0.0
0.6666666666666666,0,3.5,0.0
0.6666666666666666,0,2.0,0.0
0.0,0,0,0.0
0.6666666666666666,0.16666666694483026,4.5,0.10000000016689815
0.3333333333333333,0.13333333333333333,4.0,0.035555555555555556
0.3333333333333333,0,3.0,0.0
1.0,0,3.0,0.0
0.3333333333333333,0,3.0,0.0
0.3333333333333333,0.16666666645833333,3.0,0.03333333329166666
0.3333333333333333,0,2.0,0.0
0.6666666666666666,0,2.5,0.0
0.3333333333333333,0,5.0,0.0
0.6666666666666666,0,2.0,0.0
0.3333333333333333,0,1.0,0.0
0.3333333333333333,0.3666666664760802,3.0,0.07333333329521603
0.6666666666666666,0,3.0,0.0
0.6666666666666666,0,2.5,0.0
0.3333333333333333,0,2.0,0.0
0.3333333333333333,0,3.0,0.0
0.6666666666666666,0,5.0,0.0
0.3333333333333333,0,4.0,0.0
0.6666666666666666,0.03333333316280864,5.0,0.022222222108539094
0.3333333333333333,0,2.0,0.0
0.6666666666666666,0.06666666666666667,4.5,0.04
0.6666666666666666,0,3.5,0.0
1.0,0,2.0,0.0
0.3333333333333333,0,3.0,0.0
0.0,0,0,0.0
0.5,0,3.0,0.0
1.0,0,3.0,0.0
1.0,0,2.5,0.0
0.5,0,4.0,0.0
0.0,0,0,0.0
0.0,0,0,0.0
0.5,0,3.0,0.0
0.5,0,4.0,0.0
1.0,0,3.5,0.0
0.5,0,1.0,0.0
0.0,0.3461538465224359,0,0.0
0.5,0,3.0,0.0
0.5,0,5.0,0.0
0.5,0,2.0,0.0
1.0,0,1.5,0.0
0.5,3.5211894586894587e-10,5.0,1.7605947293447293e-10
1.0,0,3.0,0.0
0.0,0,0,0.0
0.0,0,0,0.0
0.0,0,0,0.0
0.0,0,0,0.0
1.0,0,2.5,0.0
1.0,0.3076923080235043,1.0,0.06153846160470086
0.5,0,4.0,0.0
0.5,0,4.0,0.0
0.5,0,2.0,0.0
0.0,0,0,0.0
1.0,0,2.5,0.0
1.0,0,2.0,0.0
1.0,0,2.0,0.0
1.0,0,2.5,0.0
0.5,0.8846153848544337,4.0,0.3538461539417735
0.5,0,4.0,0.0
0.0,0,0,0.0
0.5,0,5.0,0.0
0.0,0,0,0.0
1.0,0,4.0,0.0
1.0,0,2.5,0.0
0.5,0,5.0,0.0
0.0,0,0,0.0
0.5,0,4.0,0.0
0.5,0.03846153825676638,3.0,0.011538461477029914
0.0,0,0,0.0
0.5,0,4.0,0.0
0.0,0,0,0.0
1.0,0,3.5,0.0
0.5,0,1.0,0.0
0.0,0,0,0.0
0.0,0,0,0.0
0.5,0,3.0,0.0
1.0,0,2.0,0.0
0.0,0,0,0.0
0.0,0,0,0.0
0.0,0,0,0.0
1.0,0,2.0,0.0
1.0,0,2.0,0.0
0.0,0,0,0.0
0.0,0,0,0.0
1.0,0,5.0,0.0
0.0,0,0,0.0
1.0,0,5.0,0.0
0.0,0,0,0.0
0.0,0,0,0.0
1.0,0,3.0,0.0
1.0,0,5.0,0.0
1.0,0,1.0,0.0
1.0,0,5.0,0.0
1.0,0,1.0,0.0
0.0,0,0,0.0
0.0,0,0,0.0
0.0,0,0,0.0
1.0,0,1.0,0.0
1.0,0,2.0,0.0
1.0,0,1.0,0.0
0.0,0,0,0.0
0.0,0,0,0.0
1.0,0,2.0,0.0
1.0,0,5.0,0.0
0.0,0,0,0.0
1.0,0,4.0,0.0
1.0,0,2.0,0.0
1.0,0,1.0,0.0
0.0,0,0,0.0
1.0,0,3.0,0.0
1.0,0,4.0,0.0
1.0,0,2.0,0.0
1.0,0,1.0,0.0
0.0,0,0,0.0
1.0,0,1.0,0.0
1.0,0,5.0,0.0
1.0,0,5.0,0.0
1.0,0,3.0,0.0
0.0,0,0,0.0
1.0,0,1.0,0.0
1.0,0,1.0,0.0
0.0,0,0,0.0
0.0,0,0,0.0
1.0,0,5.0,0.0
0.0,0.1666666669347994,0,0.0
1.0,0,5.0,0.0
0.6666666666666666,0,2.5,0.0
0.6666666666666666,0,3.0,0.0
0.6666666666666666,0.2916666666666667,2.5,0.09722222222222222
0.3333333333333333,0,4.0,0.0
0.3333333333333333,0,2.0,0.0
0.3333333333333333,0,2.0,0.0
0.3333333333333333,0,3.0,0.0
0.3333333333333333,0,4.0,0.0
1.0,0,4.0,0.0
0.3333333333333333,0,1.0,0.0
0.3333333333333333,0,5.0,0.0
0.3333333333333333,0,3.0,0.0
0.3333333333333333,0,5.0,0.0
0.6666666666666666,0,2.5,0.0
1.0,0,2.6666666666666665,0.0
0.6666666666666666,0,3.0,0.0
1.0,0,3.6666666666666665,0.0
0.3333333333333333,0,1.0,0.0
0.0,0,0,0.0
0.0,0,0,0.0
0.0,0,0,0.0
1.0,0,2.0,0.0
1.0,0,1.3333333333333333,0.0
0.6666666666666666,0,2.5,0.0
0.3333333333333333,0,4.0,0.0
0.3333333333333333,0,2.0,0.0
0.3333333333333333,0,2.0,0.0
1.0,0,3.3333333333333335,0.0
0.6666666666666666,0,2.0,0.0
1.0,0,2.6666666666666665,0.0
1.0,0,2.3333333333333335,0.0
0.6666666666666666,0,2.5,0.0
0.3333333333333333,0,4.0,0.0
0.3333333333333333,0.6250000002560764,3.0,0.12500000005121525
0.6666666666666666,0,4.5,0.0
0.3333333333333333,0,2.0,0.0
1.0,0,3.0,0.0
0.6666666666666666,0,2.5,0.0
0.6666666666666666,0,3.0,0.0
0.3333333333333333,0.8333333333333334,5.0,0.2777777777777778
0.6666666666666666,0,4.5,0.0
0.6666666666666666,0,3.0,0.0
0.0,0,0,0.0
0.6666666666666666,0,2.5,0.0
0.3333333333333333,0,1.0,0.0
0.6666666666666666,0,3.5,0.0
0.3333333333333333,0.041666666666666664,1.0,0.0027777777777777775
0.3333333333333333,0.041666666872588735,5.0,0.013888888957529578
0.0,0,0,0.0
0.6666666666666666,0,4.0,0.0
1.0,0,2.0,0.0
1.0,0,1.0,0.0
0.0,0,0,0.0
1.0,0,3.0,0.0
0.0,0,0,0.0
1.0,0,4.0,0.0
1.0,0,2.0,0.0
1.0,0,1.0,0.0
0.0,0,0,0.0
1.0,0,2.0,0.0
0.0,0,0,0.0
1.0,0,2.0,0.0
0.0,0,0,0.0
1.0,0,3.0,0.0
0.0,0,0,0.0
1.0,0,5.0,0.0
0.0,0,0,0.0
1.0,0,3.0,0.0
1.0,0,1.0,0.0
1.0,0,3.0,0.0
0.0,0,0,0.0
1.0,0.5384615391452992,3.0,0.3230769234871795
1.0,0,5.0,0.0
1.0,0,2.0,0.0
0.0,0,0,0.0
1.0,0,4.0,0.0
0.0,0,0,0.0
0.0,0,0,0.0
1.0,0,3.0,0.0
0.0,0,0,0.0
1.0,0,3.0,0.0
0.0,0,0,0.0
1.0,0,4.0,0.0
0.0,0,0,0.0
1.0,0,2.0,0.0
1.0,0,1.0,0.0
0.0,0,0,0.0
1.0,0,3.0,0.0
0.0,0,0,0.0
1.0,0,2.0,0.0
0.0,0,0,0.0
1.0,0,5.0,0.0
0.0,0,0,0.0
1.0,0,5.0,0.0
0.0,0,0,0.0
1.0,0,4.0,0.0
1.0,0,4.0,0.0
1.0,0,2.0,0.0
1.0,0,3.0,0.0
0.0,0,0,0.0
0.0,0,0,0.0
1.0,0,4.0,0.0
1.0,0,4.0,0.0
1.0,0,1.0,0.0
0.0,0,0,0.0
0.0,0,0,0.0
0.0,0,0,0.0
0.0,0,0,0.0
1.0,0,5.0,0.0
0.0,0,0,0.0
0.0,0,0,0.0
0.0,0,0,0.0
0.0,0,0,0.0
0.0,0,0,0.0
1.0,0,1.0,0.0
0.0,0,0,0.0
0.0,0,0,0.0
1.0,0,5.0,0.0
0.0,0,0,0.0
1.0,0,3.0,0.0
1.0,0,1.0,0.0
1.0,0,1.0,0.0
0.0,0,0,0.0
0.0,0,0,0.0
0.0,0,0,0.0
0.0,0,0,0.0
0.0,0,0,0.0
1.0,0,4.0,0.0
0.0,0,0,0.0
0.0,0,0,0.0
1.0,0,1.0,0.0
0.0,0,0,0.0
1.0,0,5.0,0.0
0.0,0,0,0.0
1.0,0,3.0,0.0
1.0,0,2.0,0.0
1.0,0,5.0,0.0
0.0,0,0,0.0
1.0,0,4.0,0.0
0.0,0,0,0.0
1.0,0,3.0,0.0
1.0,0,3.0,0.0
0.0,0,0,0.0
1.0,0,4.0,0.0
0.0,0.38461538502492876,0,0.0
0.0,0,0,0.0
1.0,0,4.0,0.0
0.0,0,0,0.0
0.0,0,0,0.0
0.0,0,0,0.0
0.0,0,0,0.0
0.0,0,0,0.0
0.0,0,0,0.0
1.0,0,2.0,0.0
1.0,0,4.0,0.0
0.0,0,0,0.0
1.0,0,4.0,0.0
0.0,0,0,0.0
0.0,0,0,0.0
0.0,0,0,0.0
0.0,0,0,0.0
0.0,0,0,0.0
0.0,0,0,0.0
1.0,0,5.0,0.0
0.0,0,0,0.0
1.0,0,3.0,0.0
1.0,0,2.0,0.0
0.0,0,0,0.0
0.0,0,0,0.0
0.0,0.36363636280618683,0,0.0
0.0,0,0,0.0
0.0,0,0,0.0
0.0,0,0,0.0
1.0,0,2.0,0.0
0.0,0,0,0.0
0.0,0,0,0.0
1.0,0,4.0,0.0
0.0,0,0,0.0
1.0,0,1.0,0.0
0.0,0,0,0.0
0.0,0,0,0.0
0.0,0,0,0.0
0.0,0,0,0.0
1.0,0,5.0,0.0
0.0,0,0,0.0
0.0,0,0,0.0
1.0,0,3.0,0.0
1.0,0,3.0,0.0
1.0,0,1.0,0.0
0.0,0,0,0.0
1.0,0,3.0,0.0
0.0,0,0,0.0
1.0,0,4.0,0.0
1.0,0,5.0,0.0
0.0,0,0,0.0
0.0,0,0,0.0
1.0,0,3.0,0.0
1.0,0,3.0,0.0
0.0,0,0,0.0
0.0,0,0,0.0
0.5,0,2.0,0.0
1.0,0,1.5,0.0
0.5,0,1.0,0.0
1.0,0,3.5,0.0
0.0,0,0,0.0
0.5,0,4.0,0.0
0.5,0,2.0,0.0
0.5,0,1.0,0.0
0.5,0,3.0,0.0
0.5,0.4400000003990741,2.0,0.08800000007981483
0.0,0,0,0.0
0.5,0,2.0,0.0
0.0,0,0,0.0
1.0,0,2.5,0.0
0.5,0,2.0,0.0
1.0,0,5.0,0.0
0.5,0,5.0,0.0
0.5,0,3.0,0.0
0.5,0,1.0,0.0
0.5,0,3.0,0.0
0.0,0,0,0.0
1.0,0,3.5,0.0
1.0,0,3.0,0.0
1.0,0,3.0,0.0
0.0,0,0,0.0
0.5,0,4.0,0.0
0.0,0,0,0.0
0.5,0,4.0,0.0
1.0,0.16,2.0,0.064
0.5,0,3.0,0.0
1.0,0,3.0,0.0
0.0,0,0,0.0
0.5,0,4.0,0.0
0.0,0,0,0.0
1.0,0,3.5,0.0
0.5,0.04000000024814815,1.0,0.004000000024814815
0.5,0,4.0,0.0
1.0,0,2.5,0.0
0.0,0,0,0.0
0.5,0,2.0,0.0
0.0,0.7199999997694444,0,0.0
0.5,0,5.0,0.0
0.0,0,0,0.0
1.0,0,4.5,0.0
0.0,0,0,0.0
1.0,0,3.0,0.0
0.5,0,4.0,0.0
0.5,0,2.0,0.0
0.5,0,3.0,0.0
0.5,0,3.0,0.0
0.6666666666666666,0,2.0,0.0
1.0,0,2.6666666666666665,0.0
0.3333333333333333,0,1.0,0.0
0.6666666666666666,0,3.5,0.0
0.3333333333333333,0.5714285714285714,2.0,0.07619047619047618
0.3333333333333333,0,4.0,0.0
0.6666666666666666,0.09523809474867724,3.5,0.04444444421604937
0.3333333333333333,0,1.0,0.0
0.6666666666666666,0,4.0,0.0
0.3333333333333333,0,2.0,0.0
0.0,0,0,0.0
0.3333333333333333,0,2.0,0.0
0.3333333333333333,0,4.0,0.0
0.6666666666666666,0,2.5,0.0
0.3333333333333333,0,2.0,0.0
1.0,0,3.6666666666666665,0.0
0.6666666666666666,0.8571428566925706,5.0,0.5714285711283804
0.6666666666666666,0,2.0,0.0
0.3333333333333333,0,1.0,0.0
0.3333333333333333,0,3.0,0.0
0.0,0,0,0.0
0.6666666666666666,0,3.5,0.0
1.0,0,2.6666666666666665,0.0
0.6666666666666666,0,3.0,0.0
0.0,0,0,0.0
0.6666666666666666,0.6190476190476191,4.5,0.37142857142857144
0.0,0,0,0.0
0.6666666666666666,0,3.5,0.0
1.0,0,3.0,0.0
0.6666666666666666,0,3.0,0.0
0.6666666666666666,0,3.0,0.0
0.3333333333333333,0,2.0,0.0
0.6666666666666666,0,2.5,0.0
0.0,0,0,0.0
1.0,0,3.0,0.0
0.3333333333333333,0,1.0,0.0
0.3333333333333333,0,4.0,0.0
0.6666666666666666,0,2.5,0.0
0.3333333333333333,0,4.0,0.0
0.3333333333333333,0,2.0,0.0
0.0,0,0,0.0
0.6666666666666666,0,5.0,0.0
0.0,0,0,0.0
0.6666666666666666,0,4.5,0.0
0.3333333333333333,0,2.0,0.0
1.0,0,3.6666666666666665,0.0
0.3333333333333333,0,4.0,0.0
0.6666666666666666,0,1.5,0.0
0.3333333333333333,0,3.0,0.0
0.3333333333333333,0.42857142857142855,3.0,0.0857142857142857
1.0,0,2.0,0.0
0.0,0,0,0.0
0.0,0,0,0.0
0.0,0,0,0.0
1.0,0,2.0,0.0
1.0,0,2.0,0.0
0.0,0,0,0.0
0.0,0,0,0.0
1.0,0,5.0,0.0
0.0,0,0,0.0
1.0,0,5.0,0.0
0.0,0,0,0.0
0.0,0,0,0.0
1.0,0.7499999987774885,3.0,0.4499999992664931
1.0,0,5.0,0.0
1.0,0,1.0,0.0
1.0,0,5.0,0.0
1.0,0,1.0,0.0
0.0,0.3749999988295718,0,0.0
0.0,0,0,0.0
0.0,0,0,0.0
1.0,0,1.0,0.0
1.0,0,2.0,0.0
1.0,0,1.0,0.0
0.0,0,0,0.0
0.0,0,0,0.0
1.0,0,2.0,0.0
1.0,0,5.0,0.0
0.0,0,0,0.0
1.0,0,4.0,0.0
1.0,0,2.0,0.0
1.0,0,1.0,0.0
0.0,0,0,0.0
1.0,0,3.0,0.0
1.0,0,4.0,0.0
1.0,0,2.0,0.0
1.0,0,1.0,0.0
0.0,0,0,0.0
1.0,0,1.0,0.0
1.0,0,5.0,0.0
1.0,0,5.0,0.0
1.0,0,3.0,0.0
0.0,0,0,0.0
1.0,0,1.0,0.0
1.0,0,1.0,0.0
0.0,0,0,0.0
0.0,0,0,0.0
1.0,0,5.0,0.0
0.0,0,0,0.0
1.0,0,5.0,0.0
1.0,0,2.5,0.0
1.0,0,2.5,0.0
0.5,0,4.0,0.0
0.5,0,3.0,0.0
0.0,0,0,0.0
0.5,0,4.0,0.0
1.0,0,2.5,0.0
1.0,0,2.5,0.0
0.5,0,4.0,0.0
1.0,0,1.5,0.0
0.0,0,0,0.0
1.0,0,2.5,0.0
0.5,0,5.0,0.0
0.5,0.3928571432080853,3.0,0.11785714296242558
0.5,0,1.0,0.0
0.5,0,5.0,0.0
0.5,0,1.0,0.0
0.5,0.6071428574809854,3.0,0.1821428572442956
0.5,0,1.0,0.0
0.5,0,3.0,0.0
0.0,0,0,0.0
1.0,0.9642857139575066,2.0,0.3857142855830027
1.0,0,3.0,0.0
0.5,0,2.0,0.0
0.5,0,4.0,0.0
1.0,0,3.0,0.0
0.0,0,0,0.0
0.5,0,1.0,0.0
1.0,0,3.0,0.0
0.5,0,1.0,0.0
1.0,0,2.5,0.0
0.5,0,4.0,0.0
1.0,0,4.0,0.0
0.0,0,0,0.0
0.5,0,2.0,0.0
0.5,0,1.0,0.0
0.5,0,4.0,0.0
1.0,0,3.0,0.0
0.5,0,5.0,0.0
0.5,0,2.0,0.0
0.5,0,4.0,0.0
1.0,0,4.0,0.0
0.0,0,0,0.0
0.5,0,5.0,0.0
0.0,0,0,0.0
1.0,0,4.5,0.0
1.0,0,2.5,0.0
0.5,0,2.0,0.0
0.5,0,3.0,0.0
0.0,0,0,0.0
1.0,0,2.0,0.0
0.0,0,0,0.0
0.0,0,0,0.0
0.0,0,0,0.0
1.0,0,2.0,0.0
1.0,0,2.0,0.0
0.0,0,0,0.0
0.0,0,0,0.0
1.0,0,5.0,0.0
0.0,0.14285714334160052,0,0.0
1.0,0,5.0,0.0
0.0,0,0,0.0
0.0,0,0,0.0
1.0,0,3.0,0.0
1.0,0,5.0,0.0
1.0,0,1.0,0.0
1.0,0,5.0,0.0
1.0,0,1.0,0.0
0.0,0,0,0.0
0.0,0,0,0.0
0.0,0,0,0.0
1.0,0,1.0,0.0
1.0,0,2.0,0.0
1.0,0,1.0,0.0
0.0,0,0,0.0
0.0,0,0,0.0
1.0,0,2.0,0.0
1.0,0,5.0,0.0
0.0,0.19047619047619047,0,0.0
1.0,0,4.0,0.0
1.0,0,2.0,0.0
1.0,0,1.0,0.0
0.0,0,0,0.0
1.0,0,3.0,0.0
1.0,0,4.0,0.0
1.0,0,2.0,0.0
1.0,0,1.0,0.0
0.0,0,0,0.0
1.0,0,1.0,0.0
1.0,0,5.0,0.0
1.0,0.8095238098076499,5.0,0.8095238098076499
1.0,0,3.0,0.0
0.0,0,0,0.0
1.0,0,1.0,0.0
1.0,0,1.0,0.0
0.0,0,0,0.0
0.0,0,0,0.0
1.0,0,5.0,0.0
0.0,0,0,0.0
1.0,0,5.0,0.0
0.0,0,0,0.0
0.0,0,0,0.0
0.0,0,0,0.0
1.0,0.07407407447102195,2.0,0.02962962978840878
1.0,0,4.0,0.0
0.0,0,0,0.0
1.0,0,4.0,0.0
0.0,0,0,0.0
0.0,0,0,0.0
0.0,0,0,0.0
0.0,0,0,0.0
0.0,0,0,0.0
0.0,0,0,0.0
1.0,0,5.0,0.0
0.0,0,0,0.0
1.0,0,3.0,0.0
1.0,0,2.0,0.0
0.0,0,0,0.0
0.0,0,0,0.0
0.0,0,0,0.0
0.0,0,0,0.0
0.0,0,0,0.0
0.0,0,0,0.0
1.0,0,2.0,0.0
0.0,0.07407407440929355,0,0.0
0.0,0,0,0.0
1.0,0,4.0,0.0
0.0,0,0,0.0
1.0,0,1.0,0.0
0.0,0,0,0.0
0.0,0,0,0.0
0.0,0,0,0.0
0.0,0,0,0.0
1.0,0,5.0,0.0
0.0,0,0,0.0
0.0,0,0,0.0
1.0,0,3.0,0.0
1.0,0,3.0,0.0
1.0,0,1.0,0.0
0.0,0,0,0.0
1.0,0,3.0,0.0
0.0,0,0,0.0
1.0,0,4.0,0.0
1.0,0,5.0,0.0
0.0,0,0,0.0
0.0,0,0,0.0
1.0,0,3.0,0.0
1.0,0,3.0,0.0
0.0,0.7407407409396434,0,0.0
0.0,0,0,0.0
0.6666666666666666,0,2.5,0.0
1.0,0,3.6666666666666665,0.0
0.6666666666666666,0,2.5,0.0
0.3333333333333333,0,4.0,0.0
0.3333333333333333,0,2.0,0.0
0.0,0,0,0.0
0.6666666666666666,0,4.0,0.0
0.3333333333333333,0,4.0,0.0
1.0,0,4.0,0.0
0.3333333333333333,0,1.0,0.0
0.0,0,0,0.0
0.3333333333333333,0,3.0,0.0
0.6666666666666666,0,4.5,0.0
0.3333333333333333,0,2.0,0.0
0.6666666666666666,0,1.5,0.0
0.6666666666666666,0,3.0,0.0
1.0,0,3.6666666666666665,0.0
0.3333333333333333,0,1.0,0.0
0.0,0,0,0.0
0.0,0,0,0.0
0.0,0,0,0.0
0.6666666666666666,0,2.5,0.0
1.0,0,1.3333333333333333,0.0
0.3333333333333333,0.6666666670066015,4.0,0.17777777786842705
0.3333333333333333,0,4.0,0.0
0.6666666666666666,0,3.5,0.0
0.0,0,0,0.0
1.0,0,2.6666666666666665,0.0
1.0,0,3.0,0.0
1.0,0,2.3333333333333335,0.0
0.6666666666666666,0,2.5,0.0
0.6666666666666666,0,3.0,0.0
0.6666666666666666,0,2.5,0.0
0.0,0,0,0.0
0.6666666666666666,0.5555555553107854,3.5,0.25925925914503317
0.0,0,0,0.0
0.6666666666666666,0,4.0,0.0
0.6666666666666666,0.18518518495070302,2.5,0.06172839498356767
0.6666666666666666,0,4.5,0.0
0.0,0,0,0.0
0.3333333333333333,0,4.0,0.0
0.6666666666666666,0,4.0,0.0
0.0,0,0,0.0
0.3333333333333333,0,4.0,0.0
0.3333333333333333,0,2.0,0.0
1.0,0,4.0,0.0
0.3333333333333333,0,1.0,0.0
0.3333333333333333,0.0740740738704561,1.0,0.00493827159136374
0.0,0,0,0.0
0.3333333333333333,0,3.0,0.0
0.5,0,2.0,0.0
0.5,0,1.0,0.0
0.0,0,0,0.0
1.0,0,2.5,0.0
0.5,0,4.0,0.0
0.5,0,4.0,0.0
1.0,0,3.0,0.0
0.5,0,1.0,0.0
0.0,0,0,0.0
0.5,0,2.0,0.0
0.0,0,0,0.0
0.5,0,2.0,0.0
0.0,0,0,0.0
1.0,0,4.0,0.0
0.0,0,0,0.0
1.0,0,4.0,0.0
0.5,0,2.0,0.0
0.5,0,3.0,0.0
0.5,0,1.0,0.0
0.5,0.3076923069560185,3.0,0.09230769208680555
0.0,0,0,0.0
0.5,0,3.0,0.0
0.5,0,5.0,0.0
1.0,0,2.0,0.0
0.0,0,0,0.0
0.5,0,4.0,0.0
0.5,0,4.0,0.0
0.0,0,0,0.0
1.0,0,2.0,0.0
0.0,0,0,0.0
0.5,0,3.0,0.0
0.0,0,0,0.0
0.5,0,4.0,0.0
0.5,0,5.0,0.0
0.5,0,2.0,0.0
0.5,0,1.0,0.0
0.5,0,3.0,0.0
1.0,0,3.0,0.0
0.5,0,1.0,0.0
0.5,0,2.0,0.0
0.5,0,3.0,0.0
0.5,0,5.0,0.0
0.5,0,4.0,0.0
1.0,0,5.0,0.0
0.0,0,0,0.0
0.5,0,4.0,0.0
1.0,0,3.5,0.0
1.0,0,2.5,0.0
0.5,0,3.0,0.0
0.0,0,0,0.0
0.5,0,2.0,0.0
0.0,0,0,0.0
0.0,0.3636363646359428,0,0.0
0.5,0,2.0,0.0
1.0,0,3.0,0.0
0.5,0,2.0,0.0
0.5,0,4.0,0.0
0.0,0,0,0.0
0.5,0,5.0,0.0
0.0,0,0,0.0
0.5,0,5.0,0.0
0.0,0,0,0.0
0.0,0,0,0.0
1.0,0,4.0,0.0
0.5,0,5.0,0.0
1.0,0,2.0,0.0
1.0,0,3.5,0.0
0.5,0,1.0,0.0
0.0,0,0,0.0
0.0,0,0,0.0
0.0,0,0,0.0
0.5,0,1.0,0.0
0.5,0,2.0,0.0
1.0,0,1.5,0.0
0.0,0,0,0.0
0.0,0,0,0.0
1.0,0,3.0,0.0
0.5,0,5.0,0.0
0.5,0,1.0,0.0
0.5,0,4.0,0.0
0.5,0,2.0,0.0
0.5,0,1.0,0.0
0.0,0,0,0.0
1.0,0.7272727278914142,4.0,0.5818181823131313
0.5,0,4.0,0.0
0.5,0,2.0,0.0
1.0,0,2.0,0.0
0.5,0,3.0,0.0
1.0,0,1.0,0.0
0.5,1.0,5.0,0.5
1.0,0,4.0,0.0
0.5,0,3.0,0.0
0.5,0,4.0,0.0
1.0,0,3.0,0.0
0.5,0,1.0,0.0
0.0,0,0,0.0
0.5,0.09090909090909091,3.0,0.02727272727272727
1.0,0,4.0,0.0
0.0,0,0,0.0
0.5,0,5.0,0.0
0.0,0,0,0.0
1.0,0,2.0,0.0
1.0,0,1.0,0.0
1.0,0,4.0,0.0
0.0,1.0,0,0.0
0.0,0,0,0.0
0.0,0,0,0.0
0.0,0,0,0.0
1.0,0,3.0,0.0
0.0,0,0,0.0
0.0,0,0,0.0
0.0,0,0,0.0
0.0,0,0,0.0
1.0,0,2.0,0.0
1.0,0,2.0,0.0
1.0,0,5.0,0.0
1.0,1.0,5.0,1.0
0.0,0,0,0.0
0.0,0,0,0.0
0.0,0,0,0.0
0.0,0,0,0.0
1.0,0,4.0,0.0
1.0,0,1.0,0.0
1.0,0,4.0,0.0
0.0,0,0,0.0
0.0,1.0,0,0.0
0.0,0,0,0.0
1.0,0,4.0,0.0
1.0,0,1.0,0.0
1.0,0,3.0,0.0
1.0,0,3.0,0.0
0.0,0,0,0.0
0.0,0,0,0.0
0.0,0,0,0.0
1.0,0,5.0,0.0
0.0,0,0,0.0
1.0,0,4.0,0.0
1.0,0,2.0,0.0
0.0,0,0,0.0
0.0,0,0,0.0
0.0,0,0,0.0
0.0,0,0,0.0
0.0,0,0,0.0
1.0,0,4.0,0.0
0.0,0,0,0.0
1.0,0,2.0,0.0
0.0,0,0,0.0
0.0,0,0,0.0
0.0,0,0,0.0
1.0,1.0,3.0,0.6
1.0,0,2.0,0.0
0.5,0,1.0,0.0
0.0,0.4999999991807209,0,0.0
0.5,0,3.0,0.0
0.5,0,2.0,0.0
1.0,0,3.0,0.0
0.5,0,2.0,0.0
0.5,0,1.0,0.0
0.5,0,5.0,0.0
0.5,0,2.0,0.0
0.5,0,5.0,0.0
0.5,0,2.0,0.0
0.0,0,0,0.0
1.0,0,3.0,0.0
0.5,0,5.0,0.0
1.0,0,3.0,0.0
0.5,0,5.0,0.0
1.0,0,2.0,0.0
0.5,0,1.0,0.0
0.5,0,3.0,0.0
0.0,0,0,0.0
1.0,0,2.0,0.0
1.0,0,3.5,0.0
1.0,0,1.5,0.0
0.0,0,0,0.0
0.5,0,4.0,0.0
0.5,0,2.0,0.0
0.5,0,5.0,0.0
0.5,0,3.0,0.0
0.5,0,4.0,0.0
1.0,0,2.5,0.0
0.5,0,1.0,0.0
0.5,0,4.0,0.0
0.5,1.0,3.0,0.3
1.0,0,3.0,0.0
1.0,0,1.5,0.0
0.5,0,1.0,0.0
0.5,0,3.0,0.0
0.5,0,1.0,0.0
1.0,0.6428571423751653,3.5,0.4499999996626157
0.5,0,5.0,0.0
1.0,0,4.0,0.0
0.0,0,0,0.0
1.0,0,3.0,0.0
0.5,0,1.0,0.0
0.5,0,4.0,0.0
0.5,0,4.0,0.0
1.0,0.28571428614831346,3.5,0.2000000003038194
0.5,0,3.0,0.0
0.5,0,5.0,0.0
0.0,0,0,0.0
0.0,0,0,0.0
0.0,0,0,0.0
1.0,0,2.0,0.0
1.0,0,4.0,0.0
0.0,0,0,0.0
1.0,0,4.0,0.0
0.0,0,0,0.0
0.0,0,0,0.0
0.0,0,0,0.0
0.0,1.0,0,0.0
0.0,0,0,0.0
0.0,0,0,0.0
1.0,0,5.0,0.0
0.0,0,0,0.0
1.0,0,3.0,0.0
1.0,0,2.0,0.0
0.0,0,0,0.0
0.0,0,0,0.0
0.0,0,0,0.0
0.0,0,0,0.0
0.0,0,0,0.0
0.0,0.857142858558201,0,0.0
1.0,0,2.0,0.0
0.0,0,0,0.0
0.0,0,0,0.0
1.0,0,4.0,0.0
0.0,0,0,0.0
1.0,0,1.0,0.0
0.0,0,0,0.0
0.0,0,0,0.0
0.0,1.0,0,0.0
0.0,0,0,0.0
1.0,0,5.0,0.0
0.0,0,0,0.0
0.0,0,0,0.0
1.0,0,3.0,0.0
1.0,0,3.0,0.0
1.0,0,1.0,0.0
0.0,0,0,0.0
1.0,0,3.0,0.0
0.0,0,0,0.0
1.0,0,4.0,0.0
1.0,0,5.0,0.0
0.0,0,0,0.0
0.0,0,0,0.0
1.0,0,3.0,0.0
1.0,0,3.0,0.0
0.0,0,0,0.0
0.0,0,0,0.0
1.0,0,2.0,0.0
1.0,0,5.0,0.0
0.0,0,0,0.0
0.0,0,0,0.0
1.0,0,2.0,0.0
0.0,0,0,0.0
1.0,0,5.0,0.0
0.0,0,0,0.0
1.0,0,5.0,0.0
0.0,0,0,0.0
0.0,0,0,0.0
0.0,0,0,0.0
1.0,0,4.0,0.0
0.0,0,0,0.0
0.0,0,0,0.0
1.0,0,1.0,0.0
1.0,0,5.0,0.0
1.0,0,1.0,0.0
0.0,0,0,0.0
0.0,0,0,0.0
0.0,0,0,0.0
0.0,0,0,0.0
1.0,0,2.0,0.0
0.0,0,0,0.0
0.0,0,0,0.0
1.0,0,5.0,0.0
0.0,0,0,0.0
1.0,0,3.0,0.0
1.0,0,5.0,0.0
1.0,0,3.0,0.0
0.0,0,0,0.0
1.0,0.7500000006298225,2.0,0.300000000251929
1.0,0,1.0,0.0
0.0,0,0,0.0
1.0,0,2.0,0.0
0.0,0,0,0.0
0.0,0,0,0.0
0.0,0,0,0.0
1.0,0,4.0,0.0
0.0,0,0,0.0
0.0,0,0,0.0
1.0,0.08333333277777777,5.0,0.08333333277777777
0.0,0,0,0.0
0.0,0,0,0.0
1.0,0,2.0,0.0
1.0,0,5.0,0.0
0.0,0,0,0.0
1.0,0,1.0,0.0
0.0,0,0,0.0
0.0,0,0,0.0
